type,id,timestamp,duration_sec
coffee_made,1760718633.8548217
coffee_made,1760718634.0053988
coffee_made,1760718634.1569073
coffee_made,1760718768.144283
coffee_made,1760718768.2959707
coffee_made,1760718768.4679494
coffee_made,1760718768.6269002
coffee_made,1760718768.7944837
coffee_made,1760718768.9706945
coffee_made,1760718769.1426845
coffee_made,1760718769.2969215
coffee_made,14,1760719472.4321134,0
coffee_made,14,1760719472.5598466,0
coffee_made,14,1760719472.6835618,0
customer_exit,23,1760719485.7995994,0.69
coffee_made,23,1760719485.7995994,0.0
coffee_made,23,1760719485.919727,0
coffee_made,23,1760719486.0375767,0
coffee_made,23,1760719486.1465955,0
coffee_made,23,1760719486.2807086,0
coffee_made,23,1760719486.3966396,0
coffee_made,23,1760719486.514621,0
coffee_made,23,1760719486.6233861,0
coffee_made,23,1760719486.7812586,0
coffee_made,23,1760719486.892715,0
coffee_made,23,1760719486.99902,0
coffee_made,23,1760719487.1227722,0
coffee_made,23,1760719487.2214837,0
coffee_made,23,1760719487.3280156,0
coffee_made,23,1760719487.4418263,0
coffee_made,23,1760719487.5487657,0
coffee_made,23,1760719487.6659095,0
coffee_made,23,1760719487.7790182,0
coffee_made,23,1760719487.887449,0
coffee_made,23,1760719487.9982674,0
coffee_made,23,1760719488.1202905,0
coffee_made,23,1760719488.2273397,0
coffee_made,23,1760719488.3321128,0
coffee_made,23,1760719488.4442291,0
coffee_made,23,1760719488.556315,0
coffee_made,23,1760719488.6640198,0
coffee_made,23,1760719488.7769263,0
coffee_made,23,1760719488.8953846,0
coffee_made,23,1760719489.0002873,0
coffee_made,23,1760719489.1107228,0
coffee_made,23,1760719489.2194445,0
coffee_made,23,1760719489.3260827,0
coffee_made,23,1760719489.425612,0
coffee_made,23,1760719489.5304585,0
coffee_made,23,1760719489.6370056,0
coffee_made,23,1760719489.7505035,0
coffee_made,23,1760719489.8641949,0
coffee_made,23,1760719489.9762328,0
coffee_made,23,1760719490.088281,0
coffee_made,23,1760719490.1975183,0
coffee_made,23,1760719490.314465,0
coffee_made,23,1760719490.4198034,0
coffee_made,23,1760719490.5267808,0
coffee_made,23,1760719490.6396043,0
coffee_made,23,1760719490.7496994,0
coffee_made,23,1760719490.8546681,0
coffee_made,23,1760719490.9676523,0
coffee_made,23,1760719491.0791345,0
coffee_made,23,1760719491.1858125,0
coffee_made,23,1760719491.300801,0
coffee_made,23,1760719491.418499,0
coffee_made,23,1760719491.5363116,0
coffee_made,23,1760719491.6523101,0
coffee_made,35,1760719491.6523101,0
coffee_made,23,1760719491.759376,0
coffee_made,35,1760719491.759376,0
coffee_made,23,1760719491.8695447,0
coffee_made,35,1760719491.8695447,0
coffee_made,23,1760719491.972969,0
coffee_made,35,1760719491.972969,0
coffee_made,23,1760719492.0898378,0
coffee_made,35,1760719492.0898378,0
coffee_made,23,1760719492.199297,0
coffee_made,35,1760719492.199297,0
coffee_made,23,1760719492.3082936,0
coffee_made,23,1760719492.4257636,0
coffee_made,23,1760719492.538143,0
coffee_made,23,1760719492.6579084,0
coffee_made,23,1760719492.7733104,0
coffee_made,23,1760719492.887095,0
coffee_made,23,1760719492.9851058,0
coffee_made,23,1760719493.108288,0
coffee_made,23,1760719493.2321925,0
coffee_made,23,1760719493.3648734,0
coffee_made,23,1760719493.4696064,0
coffee_made,23,1760719493.576001,0
coffee_made,23,1760719493.6857755,0
coffee_made,23,1760719493.808004,0
coffee_made,23,1760719493.9138918,0
coffee_made,23,1760719494.024774,0
coffee_made,23,1760719494.1257746,0
coffee_made,23,1760719494.2341702,0
coffee_made,23,1760719494.34203,0
coffee_made,23,1760719494.4508436,0
coffee_made,43,1760719494.4508436,0
coffee_made,23,1760719494.5673046,0
coffee_made,43,1760719494.5673046,0
coffee_made,23,1760719494.6750772,0
coffee_made,43,1760719494.6750772,0
coffee_made,23,1760719494.7912548,0
coffee_made,23,1760719494.893111,0
coffee_made,23,1760719494.996914,0
coffee_made,23,1760719495.114365,0
coffee_made,23,1760719495.224191,0
coffee_made,23,1760719495.329217,0
coffee_made,23,1760719495.4368117,0
coffee_made,23,1760719495.5547569,0
coffee_made,23,1760719495.6756783,0
coffee_made,23,1760719495.7855322,0
coffee_made,23,1760719495.9192646,0
coffee_made,23,1760719496.0247355,0
coffee_made,23,1760719496.1455443,0
coffee_made,23,1760719496.266645,0
coffee_made,23,1760719496.385492,0
customer_exit,5,1760719497.1492763,35.0
customer_exit,5,1760719497.471125,0.21
customer_exit,5,1760719497.922046,0.23
customer_exit,5,1760719498.7836423,0.53
coffee_made,78,1760719505.4396305,0
coffee_made,78,1760719505.5413024,0
coffee_made,78,1760719505.6408787,0
coffee_made,78,1760719505.7506745,0
coffee_made,78,1760719505.8610651,0
coffee_made,78,1760719505.9736683,0
coffee_made,78,1760719506.0813293,0
coffee_made,81,1760719506.8204134,0
coffee_made,81,1760719506.925434,0
coffee_made,81,1760719507.0257084,0
coffee_made,81,1760719507.1331751,0
coffee_made,81,1760719507.2399414,0
coffee_made,81,1760719507.355139,0
coffee_made,81,1760719507.4503794,0
coffee_made,81,1760719507.5439107,0
coffee_made,81,1760719507.6445851,0
coffee_made,81,1760719507.7517395,0
coffee_made,81,1760719507.8637788,0
coffee_made,81,1760719507.9780526,0
coffee_made,81,1760719508.0891144,0
coffee_made,81,1760719508.1900058,0
coffee_made,81,1760719508.292376,0
coffee_made,81,1760719508.4006476,0
coffee_made,81,1760719508.542646,0
coffee_made,81,1760719508.6630712,0
coffee_made,81,1760719508.7991576,0
coffee_made,81,1760719508.8917918,0
coffee_made,81,1760719509.0010023,0
coffee_made,81,1760719509.102903,0
coffee_made,81,1760719509.2063046,0
coffee_made,91,1760719511.8103313,0
coffee_made,91,1760719511.942991,0
coffee_made,91,1760719513.070805,0
coffee_made,91,1760719513.180862,0
coffee_made,91,1760719513.28438,0
coffee_made,91,1760719513.399932,0
coffee_made,91,1760719513.5070405,0
coffee_made,91,1760719513.6097605,0
coffee_made,91,1760719513.724119,0
coffee_made,91,1760719513.847169,0
coffee_made,91,1760719513.955402,0
coffee_made,91,1760719514.0699344,0
coffee_made,91,1760719514.1805944,0
coffee_made,91,1760719514.2905803,0
coffee_made,91,1760719514.4028723,0
coffee_made,91,1760719514.5100543,0
coffee_made,91,1760719514.6177962,0
coffee_made,91,1760719514.7236824,0
coffee_made,91,1760719514.8387742,0
coffee_made,91,1760719514.9570172,0
coffee_made,91,1760719515.066769,0
coffee_made,91,1760719515.1766064,0
coffee_made,91,1760719515.2914164,0
coffee_made,91,1760719515.3946645,0
coffee_made,91,1760719515.4930294,0
coffee_made,91,1760719515.6039157,0
coffee_made,91,1760719515.7121236,0
coffee_made,91,1760719515.8200696,0
coffee_made,91,1760719515.9271514,0
coffee_made,91,1760719516.028862,0
coffee_made,91,1760719516.1405303,0
coffee_made,91,1760719516.2530115,0
coffee_made,91,1760719516.3627257,0
coffee_made,91,1760719516.466606,0
coffee_made,91,1760719516.5728583,0
coffee_made,91,1760719516.6814592,0
coffee_made,91,1760719516.794329,0
coffee_made,91,1760719516.906971,0
coffee_made,91,1760719517.0095274,0
coffee_made,91,1760719517.1186724,0
coffee_made,91,1760719517.2284918,0
coffee_made,91,1760719517.3349435,0
coffee_made,91,1760719517.5431263,0
coffee_made,91,1760719517.6537738,0
coffee_made,91,1760719517.7567582,0
coffee_made,91,1760719517.8715124,0
coffee_made,103,1760719519.2859974,0
coffee_made,103,1760719519.3980503,0
coffee_made,103,1760719519.5074353,0
coffee_made,103,1760719519.6128838,0
coffee_made,103,1760719519.7106547,0
coffee_made,103,1760719519.815325,0
coffee_made,103,1760719519.921596,0
coffee_made,103,1760719520.0265665,0
coffee_made,103,1760719520.1360226,0
coffee_made,103,1760719520.240772,0
coffee_made,103,1760719520.3468854,0
coffee_made,103,1760719520.460672,0
coffee_made,103,1760719520.5678937,0
coffee_made,103,1760719520.67768,0
coffee_made,107,1760719521.521617,0
coffee_made,107,1760719521.630628,0
coffee_made,107,1760719521.7372923,0
coffee_made,107,1760719521.846375,0
coffee_made,107,1760719521.9491558,0
coffee_made,107,1760719522.0509357,0
coffee_made,107,1760719522.1605678,0
coffee_made,107,1760719522.2665048,0
coffee_made,107,1760719522.3764327,0
coffee_made,107,1760719522.4819133,0
coffee_made,107,1760719522.5989149,0
coffee_made,107,1760719522.7058043,0
coffee_made,107,1760719522.8000677,0
coffee_made,107,1760719522.8953846,0
coffee_made,107,1760719523.0116339,0
coffee_made,107,1760719523.1284072,0
coffee_made,107,1760719523.2360523,0
coffee_made,107,1760719523.3399122,0
coffee_made,113,1760719523.5461917,0
coffee_made,113,1760719523.641546,0
coffee_made,113,1760719523.7596304,0
coffee_made,113,1760719523.865154,0
coffee_made,113,1760719523.9645736,0
coffee_made,113,1760719524.0830624,0
customer_exit,115,1760719524.5017414,0.42
coffee_made,138,1760719530.1937356,0
coffee_made,138,1760719530.3032436,0
coffee_made,138,1760719530.4037893,0
coffee_made,138,1760719530.5078604,0
coffee_made,138,1760719530.6107707,0
coffee_made,138,1760719530.710761,0
coffee_made,138,1760719530.8163793,0
coffee_made,138,1760719530.9199245,0
coffee_made,138,1760719531.020472,0
coffee_made,138,1760719531.12471,0
coffee_made,138,1760719531.2300189,0
coffee_made,138,1760719531.3320842,0
coffee_made,138,1760719531.4358883,0
coffee_made,138,1760719531.5421839,0
coffee_made,138,1760719531.6463964,0
coffee_made,138,1760719531.745428,0
coffee_made,138,1760719531.8521998,0
coffee_made,138,1760719531.95734,0
coffee_made,138,1760719532.0666203,0
coffee_made,231,1760719635.552135,0
customer_exit,231,1760719636.6010535,0.37
customer_exit,231,1760719637.6101515,0.23
customer_exit,239,1760719646.25701,0.63
customer_exit,239,1760719646.517494,0.12
customer_exit,231,1760719652.4366534,14.46
customer_exit,1,1760720468.433412,17.53
customer_exit,18,1760720471.2321875,0.75
coffee_made,24,1760720483.2937355,0
customer_exit,18,1760720483.9014068,1.52
customer_exit,18,1760720495.090422,1.11
customer_exit,18,1760720498.788964,0.32
customer_exit,18,1760720501.7742112,0.41
customer_exit,18,1760720516.185553,0.34
customer_exit,29,1760720547.7696018,63.44
coffee_made,18,1760720548.2077062,0
coffee_made,18,1760720550.4671395,0
coffee_made,18,1760720550.5747797,0
coffee_made,18,1760720550.6895506,0
coffee_made,18,1760720550.8003826,0
coffee_made,18,1760720550.9170828,0
coffee_made,18,1760720551.0617185,0
coffee_made,18,1760720551.168823,0
coffee_made,18,1760720551.299642,0
coffee_made,18,1760720552.1056535,0
coffee_made,18,1760720552.2129142,0
coffee_made,18,1760720552.3151345,0
coffee_made,18,1760720552.412197,0
coffee_made,18,1760720552.5127797,0
coffee_made,18,1760720552.628639,0
coffee_made,18,1760720552.7376215,0
customer_exit,29,1760720552.8424344,2.93
coffee_made,18,1760720557.0195992,0
coffee_made,18,1760720557.1256719,0
coffee_made,18,1760720557.2318835,0
coffee_made,18,1760720557.3431506,0
coffee_made,18,1760720557.441126,0
coffee_made,18,1760720557.5608075,0
coffee_made,18,1760720557.6741633,0
coffee_made,18,1760720562.9433339,0
coffee_made,18,1760720563.0719945,0
coffee_made,156,1760720564.1057622,0
coffee_made,156,1760720564.2153418,0
coffee_made,156,1760720564.3280535,0
coffee_made,156,1760720564.435388,0
coffee_made,156,1760720564.542292,0
coffee_made,156,1760720564.6508923,0
coffee_made,156,1760720564.759714,0
coffee_made,156,1760720564.8733144,0
coffee_made,156,1760720564.983851,0
coffee_made,156,1760720565.0979905,0
coffee_made,156,1760720565.2087414,0
coffee_made,156,1760720565.3204064,0
coffee_made,156,1760720565.437515,0
coffee_made,156,1760720565.5611331,0
coffee_made,156,1760720565.6698003,0
coffee_made,156,1760720565.785742,0
coffee_made,156,1760720565.9135027,0
coffee_made,156,1760720566.0342102,0
coffee_made,156,1760720566.1534333,0
customer_exit,156,1760720567.392686,0.32
customer_exit,-1,1760720567.4969556,104.23
customer_exit,-1,1760720568.0018692,0.11
customer_exit,-1,1760720568.0018692,0.0
coffee_made,183,1760720569.0371022,0
coffee_made,170,1760720569.146868,0
customer_exit,243,1760720578.2784696,0.21
coffee_made,243,1760720578.3953314,0
coffee_made,243,1760720578.5117416,0
coffee_made,243,1760720578.6243236,0
coffee_made,243,1760720578.7302065,0
coffee_made,243,1760720578.8375854,0
coffee_made,243,1760720578.9559119,0
coffee_made,243,1760720579.0696785,0
coffee_made,243,1760720579.1687925,0
coffee_made,243,1760720579.270754,0
coffee_made,267,1760720584.850229,0
coffee_made,267,1760720584.9653006,0
coffee_made,267,1760720585.0921087,0
coffee_made,267,1760720585.2363694,0
coffee_made,267,1760720585.448659,0
coffee_made,267,1760720585.6716876,0
coffee_made,267,1760720585.885817,0
coffee_made,267,1760720586.0431983,0
coffee_made,267,1760720586.1926482,0
coffee_made,267,1760720586.3135743,0
coffee_made,267,1760720586.4405878,0
coffee_made,267,1760720586.5693357,0
coffee_made,267,1760720586.68983,0
customer_exit,293,1760720636.030266,11.16
customer_exit,293,1760720639.7198348,3.37
coffee_made,295,1760720641.637925,0
customer_exit,-1,1760720641.751015,63.92
coffee_made,-1,1760720641.751015,0.0
coffee_made,-1,1760720641.871224,0
coffee_made,-1,1760720641.9881368,0
coffee_made,-1,1760720642.1022248,0
coffee_made,-1,1760720642.221639,0
coffee_made,-1,1760720642.4377747,0
customer_exit,-1,1760720642.5424755,0.0
coffee_made,-1,1760720642.5424755,0.0
coffee_made,308,1760720642.9942703,0
coffee_made,308,1760720643.1035373,0
coffee_made,308,1760720643.2365646,0
coffee_made,308,1760720643.4608264,0
coffee_made,308,1760720643.5889707,0
coffee_made,308,1760720645.4110317,0
coffee_made,308,1760720645.5239577,0
coffee_made,308,1760720645.644773,0
coffee_made,308,1760720645.7562995,0
coffee_made,308,1760720645.869455,0
coffee_made,308,1760720645.9730973,0
coffee_made,308,1760720646.0797381,0
coffee_made,308,1760720646.1879714,0
coffee_made,308,1760720646.3127427,0
coffee_made,308,1760720646.4185293,0
coffee_made,308,1760720646.515612,0
coffee_made,308,1760720646.6221092,0
coffee_made,308,1760720646.7177715,0
coffee_made,308,1760720646.8247573,0
coffee_made,308,1760720646.9253557,0
coffee_made,308,1760720647.034272,0
coffee_made,308,1760720647.1369247,0
coffee_made,308,1760720647.2454565,0
coffee_made,308,1760720647.3577108,0
coffee_made,308,1760720647.4685185,0
coffee_made,308,1760720647.5774193,0
coffee_made,308,1760720647.689501,0
coffee_made,308,1760720647.7966757,0
coffee_made,308,1760720648.2512493,0
coffee_made,308,1760720648.362261,0
coffee_made,308,1760720648.4662197,0
coffee_made,308,1760720648.598328,0
coffee_made,308,1760720648.716531,0
coffee_made,308,1760720648.825619,0
coffee_made,308,1760720648.938812,0
coffee_made,308,1760720649.0500038,0
coffee_made,308,1760720649.1651902,0
coffee_made,308,1760720649.2663882,0
coffee_made,308,1760720649.3891664,0
coffee_made,308,1760720649.4888844,0
coffee_made,308,1760720649.6057541,0
coffee_made,308,1760720649.7059808,0
coffee_made,308,1760720649.8076963,0
coffee_made,308,1760720649.9085479,0
coffee_made,308,1760720650.025294,0
coffee_made,308,1760720650.1299558,0
coffee_made,308,1760720650.2446432,0
coffee_made,308,1760720650.3439226,0
coffee_made,308,1760720650.443975,0
coffee_made,308,1760720650.5490432,0
coffee_made,308,1760720650.6599014,0
coffee_made,308,1760720650.7576442,0
coffee_made,30,1760722739.1214128,0
coffee_made,30,1760722739.276008,0
coffee_made,30,1760722739.4236012,0
coffee_made,1,1760722797.628889,0
customer_exit,1,1760722798.686034,0.83
coffee_made,1,1760722801.4868007,0
coffee_made,1,1760722801.6053004,0
coffee_made,1,1760722801.7179396,0
coffee_made,1,1760722801.8368282,0
coffee_made,1,1760722801.9404502,0
coffee_made,1,1760722802.046321,0
coffee_made,1,1760722802.1445158,0
coffee_made,1,1760722802.2550437,0
coffee_made,1,1760722802.3532934,0
coffee_made,1,1760722802.4608233,0
coffee_made,1,1760722802.577021,0
coffee_made,1,1760722802.6827712,0
coffee_made,1,1760722802.8008804,0
customer_exit,1,1760722806.745578,3.83
customer_exit,1,1760722808.742042,0.78
coffee_made,60,1760722813.227178,0
coffee_made,60,1760722813.3602388,0
coffee_made,60,1760722813.47298,0
coffee_made,60,1760722813.588744,0
coffee_made,60,1760722813.7261705,0
customer_exit,1,1760722813.9503748,3.26
customer_exit,60,1760722814.513151,0.1
customer_exit,60,1760722821.72193,6.89
coffee_made,60,1760722824.187979,0
coffee_made,60,1760722824.3196337,0
coffee_made,60,1760722824.539913,0
coffee_made,60,1760722824.8682258,0
customer_exit,60,1760722825.5507488,0.56
customer_exit,81,1760722825.8780773,2.46
coffee_made,81,1760722826.095676,0
coffee_made,81,1760722826.220486,0
coffee_made,81,1760722826.330524,0
coffee_made,144,1760722834.452828,0
coffee_made,144,1760722834.5668716,0
coffee_made,144,1760722834.6761746,0
coffee_made,144,1760722834.7844296,0
coffee_made,144,1760722834.8986912,0
coffee_made,144,1760722835.0145223,0
customer_exit,144,1760722836.551336,0.12
coffee_made,1772416988.9015234
coffee_made,1772416989.0032117
coffee_made,1772416989.1050925
customer_exit,1,14.86
customer_exit,1,0.11
customer_exit,1,0.69
customer_exit,1,6.27
customer_exit,2,29.52
coffee_made,1772418657.619939
coffee_made,1772418657.7756045
coffee_made,1772418657.9145374
coffee_made,1772418658.0663633
coffee_made,1772418658.2017133
coffee_made,1772418658.3485835
coffee_made,1772418658.5003924
coffee_made,1772418658.6442075
coffee_made,1772418658.7992384
coffee_made,1772418658.9453979
coffee_made,1772418659.0826201
coffee_made,1772418659.2461731
coffee_made,1772418659.3892872
coffee_made,1772418659.5404475
coffee_made,1772418659.7069893
coffee_made,1772418659.8616018
coffee_made,1772418660.0235982
coffee_made,1772418660.1806824
coffee_made,1772418660.348098
coffee_made,1772418660.5010417
coffee_made,1772418660.6601763
coffee_made,1772418660.8219724
coffee_made,1772418660.9871402
coffee_made,1772418661.3342593
coffee_made,1772418661.5398724
coffee_made,1772418662.0447268
coffee_made,1772418662.2019265
coffee_made,1772418662.3626812
coffee_made,1772418662.5235245
coffee_made,1772418662.6755364
coffee_made,1772418662.820817
coffee_made,1772418662.9825904
coffee_made,1772418663.1393106
coffee_made,1772418663.289352
coffee_made,1772418663.4514396
coffee_made,1772418663.6136417
coffee_made,1772418663.7661166
coffee_made,1772418663.9114594
coffee_made,1772418664.062458
coffee_made,1772418664.2074702
coffee_made,1772418664.347252
coffee_made,1772418664.4866624
coffee_made,1772418664.649888
coffee_made,1772418664.8036718
coffee_made,1772418664.9636598
coffee_made,1772418665.1020503
coffee_made,1772418665.2586548
coffee_made,1772418665.4102545
coffee_made,1772418665.5540907
coffee_made,1772418665.696977
coffee_made,1772418665.8369617
coffee_made,1772418665.97872
coffee_made,1772418666.109022
coffee_made,1772418667.0309625
coffee_made,1772418667.1603773
coffee_made,1772418667.2823226
coffee_made,1772418667.393704
coffee_made,1772418667.5053377
coffee_made,1772418667.6141496
coffee_made,1772418667.7238646
coffee_made,1772418667.8293064
coffee_made,1772418667.9422722
coffee_made,1772418668.049469
coffee_made,1772418668.1569288
coffee_made,1772418668.2612474
coffee_made,1772418668.365368
coffee_made,1772418668.4682634
coffee_made,1772418668.5771594
coffee_made,1772418668.5771594
coffee_made,1772418668.673487
coffee_made,1772418668.673487
coffee_made,1772418668.7792103
coffee_made,1772418668.7792103
coffee_made,1772418668.891864
coffee_made,1772418668.891864
coffee_made,1772418669.002217
coffee_made,1772418669.002217
coffee_made,1772418669.117269
coffee_made,1772418669.224042
coffee_made,1772418669.3428624
coffee_made,1772418669.4531596
coffee_made,1772418669.561171
coffee_made,1772418669.6635916
coffee_made,1772418669.7795122
coffee_made,1772418669.8927379
coffee_made,1772418669.993358
coffee_made,1772418670.1061757
customer_exit,184,1.11
coffee_made,1777061486.8876169
coffee_made,1777061487.0118568
coffee_made,1777061487.1120546
coffee_made,1777061487.220422
coffee_made,1777061487.322163
coffee_made,1777061487.4288354
coffee_made,1777062488.4579468
coffee_made,1777062488.515889
coffee_made,1777062488.559964
coffee_made,1777062488.5999377
coffee_made,1777062488.6422622
coffee_made,1777062488.6994762
coffee_made,1777062488.7426891
coffee_made,1777062488.7892604
coffee_made,1777062488.8337355
coffee_made,1777062488.8702488
coffee_made,1777062488.9154785
coffee_made,1777062488.958669
coffee_made,1777062489.0007741
coffee_made,1777062489.0403252
coffee_made,1777062489.0817454
coffee_made,1777062489.125694
coffee_made,1777062489.1680424
coffee_made,1777062489.206103
coffee_made,1777062489.251157
coffee_made,1777062489.2896185
coffee_made,1777062489.3315563
coffee_made,1777062489.371538
coffee_made,1777062489.4115489
coffee_made,1777062489.4529078
coffee_made,1777062489.4936059
coffee_made,1777062489.53262
coffee_made,1777062489.5762844
coffee_made,1777062489.62177
coffee_made,1777062489.6669002
coffee_made,1777062489.7095966
coffee_made,1777062489.75112
coffee_made,1777062489.7919502
coffee_made,1777062489.832841
coffee_made,1777062489.8706877
coffee_made,1777062489.9166975
coffee_made,1777062489.955174
coffee_made,1777062489.990958
coffee_made,1777062490.0260653
coffee_made,1777062490.068073
coffee_made,1777062490.1102335
coffee_made,1777062490.157306
coffee_made,1777062490.1980882
coffee_made,1777062490.2430818
coffee_made,1777062490.4754314
coffee_made,1777062490.5130923
coffee_made,1777062490.5608137
coffee_made,1777062490.6044734
coffee_made,1777062490.649504
coffee_made,1777062490.6882532
coffee_made,1777062490.733106
coffee_made,1777062490.7780378
coffee_made,1777062490.8218932
coffee_made,1777062490.8640716
coffee_made,1777062490.8640716
coffee_made,1777062490.9069507
coffee_made,1777062490.9069507
coffee_made,1777062490.9509194
coffee_made,1777062490.9918163
coffee_made,1777062491.0365565
coffee_made,1777062491.0867636
coffee_made,1777062491.1414084
coffee_made,1777062491.1414084
coffee_made,1777062491.1798258
coffee_made,1777062491.1798258
coffee_made,1777062491.228284
coffee_made,1777062491.270755
coffee_made,1777062491.3135817
coffee_made,1777062491.3554692
coffee_made,1777062491.416997
coffee_made,1777062491.4750519
coffee_made,1777062491.5172923
coffee_made,1777062491.558108
coffee_made,1777062491.613045
coffee_made,1777062491.6568184
coffee_made,1777062491.698603
coffee_made,1777062491.7375948
coffee_made,1777062491.7375948
coffee_made,1777062491.77987
coffee_made,1777062491.77987
coffee_made,1777062491.8245196
coffee_made,1777062491.8245196
coffee_made,1777062491.8646767
coffee_made,1777062491.8646767
coffee_made,1777062491.9088118
coffee_made,1777062491.9490805
coffee_made,1777062491.9900632
coffee_made,1777062492.0319865
coffee_made,1777062492.0725374
coffee_made,1777062492.1173656
coffee_made,1777062492.1582823
coffee_made,1777062492.1956077
coffee_made,1777062492.2449157
coffee_made,1777062492.29488
coffee_made,1777062492.29488
coffee_made,1777062492.341969
coffee_made,1777062492.341969
coffee_made,1777062492.3840735
coffee_made,1777062492.3840735
coffee_made,1777062492.4248888
coffee_made,1777062492.4248888
coffee_made,1777062492.464519
coffee_made,1777062492.464519
coffee_made,1777062492.5080874
coffee_made,1777062492.5080874
coffee_made,1777062492.5466204
coffee_made,1777062492.5466204
coffee_made,1777062492.5926144
coffee_made,1777062492.5926144
coffee_made,1777062492.6316404
coffee_made,1777062492.6316404
coffee_made,1777062492.6848273
coffee_made,1777062492.6848273
coffee_made,1777062492.7314768
coffee_made,1777062492.7314768
coffee_made,1777062492.7794611
coffee_made,1777062492.8305001
coffee_made,1777062492.8305001
coffee_made,1777062492.8768888
coffee_made,1777062492.8768888
coffee_made,1777062492.9225154
coffee_made,1777062492.9225154
coffee_made,1777062492.9715202
coffee_made,1777062493.0104058
coffee_made,1777062493.0104058
coffee_made,1777062493.0553913
coffee_made,1777062493.0553913
coffee_made,1777062493.0992224
coffee_made,1777062493.0992224
coffee_made,1777062493.147588
coffee_made,1777062493.147588
coffee_made,1777062493.1879146
coffee_made,1777062493.1879146
coffee_made,1777062493.231438
coffee_made,1777062493.231438
coffee_made,1777062493.231438
coffee_made,1777062493.231438
coffee_made,1777062493.2744484
coffee_made,1777062493.2744484
coffee_made,1777062493.2744484
coffee_made,1777062493.2744484
coffee_made,1777062493.3169754
coffee_made,1777062493.3169754
coffee_made,1777062493.3169754
coffee_made,1777062493.3169754
coffee_made,1777062493.3572106
coffee_made,1777062493.3572106
coffee_made,1777062493.3572106
coffee_made,1777062493.3572106
coffee_made,1777062493.3986945
coffee_made,1777062493.3986945
coffee_made,1777062493.3986945
coffee_made,1777062493.3986945
coffee_made,1777062493.438474
coffee_made,1777062493.438474
coffee_made,1777062493.438474
coffee_made,1777062493.438474
coffee_made,1777062493.4777904
coffee_made,1777062493.4777904
coffee_made,1777062493.4777904
coffee_made,1777062493.4777904
coffee_made,1777062493.5255299
coffee_made,1777062493.5255299
coffee_made,1777062493.5255299
coffee_made,1777062493.5255299
coffee_made,1777062493.565122
coffee_made,1777062493.565122
coffee_made,1777062493.565122
coffee_made,1777062493.565122
coffee_made,1777062493.6075037
coffee_made,1777062493.6075037
coffee_made,1777062493.6075037
coffee_made,1777062493.6075037
coffee_made,1777062493.6505241
coffee_made,1777062493.6505241
coffee_made,1777062493.6505241
coffee_made,1777062493.6505241
coffee_made,1777062493.6951678
coffee_made,1777062493.6951678
coffee_made,1777062493.6951678
coffee_made,1777062493.6951678
coffee_made,1777062493.742042
coffee_made,1777062493.742042
coffee_made,1777062493.742042
coffee_made,1777062493.742042
coffee_made,1777062493.7834516
coffee_made,1777062493.7834516
coffee_made,1777062493.7834516
coffee_made,1777062493.7834516
coffee_made,1777062493.8416924
coffee_made,1777062493.8416924
coffee_made,1777062493.8416924
coffee_made,1777062493.8416924
coffee_made,1777062493.8809762
coffee_made,1777062493.8809762
coffee_made,1777062493.8809762
coffee_made,1777062493.8809762
coffee_made,1777062493.8809762
coffee_made,1777062493.9318242
coffee_made,1777062493.9318242
coffee_made,1777062493.9318242
coffee_made,1777062493.9318242
coffee_made,1777062493.9318242
coffee_made,1777062493.9820595
coffee_made,1777062493.9820595
coffee_made,1777062493.9820595
coffee_made,1777062493.9820595
coffee_made,1777062493.9820595
coffee_made,1777062494.0334895
coffee_made,1777062494.0334895
coffee_made,1777062494.0334895
coffee_made,1777062494.0334895
coffee_made,1777062494.0334895
coffee_made,1777062494.0811172
coffee_made,1777062494.0811172
coffee_made,1777062494.0811172
coffee_made,1777062494.0811172
coffee_made,1777062494.0811172
coffee_made,1777062494.1236575
coffee_made,1777062494.1236575
coffee_made,1777062494.1236575
coffee_made,1777062494.1236575
coffee_made,1777062494.1236575
coffee_made,1777062494.1236575
coffee_made,1777062494.17449
coffee_made,1777062494.17449
coffee_made,1777062494.17449
coffee_made,1777062494.17449
coffee_made,1777062494.17449
coffee_made,1777062494.17449
coffee_made,1777062494.2240407
coffee_made,1777062494.2240407
coffee_made,1777062494.2240407
coffee_made,1777062494.2240407
coffee_made,1777062494.2240407
coffee_made,1777062494.2240407
coffee_made,1777062494.2674112
coffee_made,1777062494.2674112
coffee_made,1777062494.2674112
coffee_made,1777062494.2674112
coffee_made,1777062494.2674112
coffee_made,1777062494.2674112
coffee_made,1777062494.3105843
coffee_made,1777062494.3105843
coffee_made,1777062494.3105843
coffee_made,1777062494.3105843
coffee_made,1777062494.3105843
coffee_made,1777062494.3105843
coffee_made,1777062494.3596575
coffee_made,1777062494.3596575
coffee_made,1777062494.3596575
coffee_made,1777062494.3596575
coffee_made,1777062494.3596575
coffee_made,1777062494.3596575
coffee_made,1777062494.410044
coffee_made,1777062494.410044
coffee_made,1777062494.410044
coffee_made,1777062494.410044
coffee_made,1777062494.410044
coffee_made,1777062494.410044
coffee_made,1777062494.4584005
coffee_made,1777062494.4584005
coffee_made,1777062494.4584005
coffee_made,1777062494.4584005
coffee_made,1777062494.4584005
coffee_made,1777062494.4584005
coffee_made,1777062494.499485
coffee_made,1777062494.499485
coffee_made,1777062494.499485
coffee_made,1777062494.499485
coffee_made,1777062494.499485
coffee_made,1777062494.499485
coffee_made,1777062494.5425746
coffee_made,1777062494.5425746
coffee_made,1777062494.5425746
coffee_made,1777062494.5425746
coffee_made,1777062494.5425746
coffee_made,1777062494.586144
coffee_made,1777062494.586144
coffee_made,1777062494.586144
coffee_made,1777062494.586144
coffee_made,1777062494.586144
coffee_made,1777062494.6277788
coffee_made,1777062494.6277788
coffee_made,1777062494.6277788
coffee_made,1777062494.6277788
coffee_made,1777062494.6277788
coffee_made,1777062494.6724336
coffee_made,1777062494.6724336
coffee_made,1777062494.6724336
coffee_made,1777062494.6724336
coffee_made,1777062494.6724336
coffee_made,1777062494.7161622
coffee_made,1777062494.7161622
coffee_made,1777062494.7161622
coffee_made,1777062494.7161622
coffee_made,1777062494.7161622
coffee_made,1777062494.7603638
coffee_made,1777062494.7603638
coffee_made,1777062494.7603638
coffee_made,1777062494.7603638
coffee_made,1777062494.7603638
coffee_made,1777062494.805885
coffee_made,1777062494.805885
coffee_made,1777062494.805885
coffee_made,1777062494.805885
coffee_made,1777062494.805885
coffee_made,1777062494.8599916
coffee_made,1777062494.8599916
coffee_made,1777062494.8599916
coffee_made,1777062494.8599916
coffee_made,1777062494.9042637
coffee_made,1777062494.9042637
coffee_made,1777062494.9042637
coffee_made,1777062494.9042637
coffee_made,1777062494.9469678
coffee_made,1777062494.9469678
coffee_made,1777062494.9469678
coffee_made,1777062494.9469678
coffee_made,1777062494.9469678
coffee_made,1777062494.9867768
coffee_made,1777062494.9867768
coffee_made,1777062494.9867768
coffee_made,1777062494.9867768
coffee_made,1777062494.9867768
coffee_made,1777062495.035084
coffee_made,1777062495.035084
coffee_made,1777062495.035084
coffee_made,1777062495.035084
coffee_made,1777062495.035084
coffee_made,1777062495.0742266
coffee_made,1777062495.0742266
coffee_made,1777062495.0742266
coffee_made,1777062495.0742266
coffee_made,1777062495.0742266
coffee_made,1777062495.1135173
coffee_made,1777062495.1135173
coffee_made,1777062495.1135173
coffee_made,1777062495.1135173
coffee_made,1777062495.1135173
coffee_made,1777062495.15552
coffee_made,1777062495.15552
coffee_made,1777062495.15552
coffee_made,1777062495.15552
coffee_made,1777062495.15552
coffee_made,1777062495.2024455
coffee_made,1777062495.2024455
coffee_made,1777062495.2024455
coffee_made,1777062495.2024455
coffee_made,1777062495.2024455
coffee_made,1777062495.249373
coffee_made,1777062495.249373
coffee_made,1777062495.249373
coffee_made,1777062495.249373
coffee_made,1777062495.249373
coffee_made,1777062495.2956276
coffee_made,1777062495.2956276
coffee_made,1777062495.2956276
coffee_made,1777062495.2956276
coffee_made,1777062495.2956276
coffee_made,1777062495.3454344
coffee_made,1777062495.3454344
coffee_made,1777062495.3454344
coffee_made,1777062495.3454344
coffee_made,1777062495.3454344
coffee_made,1777062495.3937273
coffee_made,1777062495.3937273
coffee_made,1777062495.3937273
coffee_made,1777062495.3937273
coffee_made,1777062495.3937273
coffee_made,1777062495.4400413
coffee_made,1777062495.4400413
coffee_made,1777062495.4400413
coffee_made,1777062495.4400413
coffee_made,1777062495.4400413
coffee_made,1777062495.4895966
coffee_made,1777062495.4895966
coffee_made,1777062495.4895966
coffee_made,1777062495.4895966
coffee_made,1777062495.5426822
coffee_made,1777062495.5426822
coffee_made,1777062495.5426822
coffee_made,1777062495.5426822
coffee_made,1777062495.5908718
coffee_made,1777062495.5908718
coffee_made,1777062495.5908718
coffee_made,1777062495.5908718
coffee_made,1777062495.64031
coffee_made,1777062495.64031
coffee_made,1777062495.64031
coffee_made,1777062495.64031
coffee_made,1777062495.6908634
coffee_made,1777062495.6908634
coffee_made,1777062495.6908634
coffee_made,1777062495.6908634
coffee_made,1777062495.7360337
coffee_made,1777062495.7360337
coffee_made,1777062495.7360337
coffee_made,1777062495.7360337
coffee_made,1777062495.7912035
coffee_made,1777062495.7912035
coffee_made,1777062495.7912035
coffee_made,1777062495.7912035
coffee_made,1777062495.8368392
coffee_made,1777062495.8368392
coffee_made,1777062495.8368392
coffee_made,1777062495.8368392
coffee_made,1777062495.8851304
coffee_made,1777062495.8851304
coffee_made,1777062495.8851304
coffee_made,1777062495.8851304
coffee_made,1777062495.9358172
coffee_made,1777062495.9358172
coffee_made,1777062495.9358172
coffee_made,1777062495.9358172
coffee_made,1777062495.9886205
coffee_made,1777062495.9886205
coffee_made,1777062495.9886205
coffee_made,1777062495.9886205
coffee_made,1777062496.0352163
coffee_made,1777062496.0352163
coffee_made,1777062496.0352163
coffee_made,1777062496.0352163
coffee_made,1777062496.07784
coffee_made,1777062496.07784
coffee_made,1777062496.07784
coffee_made,1777062496.1259868
coffee_made,1777062496.1259868
coffee_made,1777062496.1259868
coffee_made,1777062496.169157
coffee_made,1777062496.169157
coffee_made,1777062496.169157
coffee_made,1777062496.2274425
coffee_made,1777062496.2274425
coffee_made,1777062496.2274425
coffee_made,1777062496.286352
coffee_made,1777062496.286352
coffee_made,1777062496.286352
coffee_made,1777062496.345162
coffee_made,1777062496.345162
coffee_made,1777062496.345162
coffee_made,1777062496.3868957
coffee_made,1777062496.3868957
coffee_made,1777062496.3868957
coffee_made,1777062496.42858
coffee_made,1777062496.42858
coffee_made,1777062496.42858
coffee_made,1777062496.4730387
coffee_made,1777062496.4730387
coffee_made,1777062496.4730387
coffee_made,1777062496.5164537
coffee_made,1777062496.5164537
coffee_made,1777062496.5164537
coffee_made,1777062496.5622518
coffee_made,1777062496.5622518
coffee_made,1777062496.5622518
coffee_made,1777062496.6109588
coffee_made,1777062496.6109588
coffee_made,1777062496.6109588
coffee_made,1777062496.6563911
coffee_made,1777062496.6563911
coffee_made,1777062496.6563911
coffee_made,1777062496.699207
coffee_made,1777062496.699207
coffee_made,1777062496.699207
coffee_made,1777062496.7393196
coffee_made,1777062496.7393196
coffee_made,1777062496.7393196
coffee_made,1777062496.7769682
coffee_made,1777062496.7769682
coffee_made,1777062496.7769682
coffee_made,1777062496.82823
coffee_made,1777062496.82823
coffee_made,1777062496.82823
coffee_made,1777062496.8732698
coffee_made,1777062496.8732698
coffee_made,1777062496.8732698
coffee_made,1777062496.920635
coffee_made,1777062496.920635
coffee_made,1777062496.920635
coffee_made,1777062496.9776495
coffee_made,1777062496.9776495
coffee_made,1777062496.9776495
coffee_made,1777062497.029811
coffee_made,1777062497.029811
coffee_made,1777062497.029811
coffee_made,1777062497.029811
coffee_made,1777062497.0829413
coffee_made,1777062497.0829413
coffee_made,1777062497.0829413
coffee_made,1777062497.0829413
coffee_made,1777062497.12555
coffee_made,1777062497.12555
coffee_made,1777062497.12555
coffee_made,1777062497.12555
coffee_made,1777062497.1655035
coffee_made,1777062497.1655035
coffee_made,1777062497.1655035
coffee_made,1777062497.1655035
coffee_made,1777062497.2057147
coffee_made,1777062497.2057147
coffee_made,1777062497.2057147
coffee_made,1777062497.2057147
coffee_made,1777062497.254782
coffee_made,1777062497.254782
coffee_made,1777062497.3021646
coffee_made,1777062497.3021646
coffee_made,1777062497.3539586
coffee_made,1777062497.3539586
coffee_made,1777062497.39907
coffee_made,1777062497.39907
coffee_made,1777062497.4391642
coffee_made,1777062497.4391642
coffee_made,1777062497.4827936
coffee_made,1777062497.4827936
coffee_made,1777062497.5286834,,
coffee_made,1777062497.5286834,,
customer_exit,,21.0,0.23
coffee_made,1777062497.5727558
coffee_made,1777062497.5727558
coffee_made,1777062497.614496,,
coffee_made,1777062497.614496,,
customer_exit,,21.0,0.04
coffee_made,1777062497.6581986
coffee_made,1777062497.6581986
coffee_made,1777062497.7037323
coffee_made,1777062497.7037323
coffee_made,1777062497.7471945
coffee_made,1777062497.7471945
coffee_made,1777062497.793821
coffee_made,1777062497.793821
coffee_made,1777062497.8410397
coffee_made,1777062497.8410397
coffee_made,1777062497.8790045
coffee_made,1777062497.8790045
coffee_made,1777062497.933595
coffee_made,1777062497.933595
coffee_made,1777062497.9761984
coffee_made,1777062497.9761984
coffee_made,1777062498.0166469
coffee_made,1777062498.0166469
coffee_made,1777062498.0580854
coffee_made,1777062498.0580854
coffee_made,1777062498.0976446
coffee_made,1777062498.0976446
coffee_made,1777062498.1369603
coffee_made,1777062498.1369603
coffee_made,1777062498.1811771
coffee_made,1777062498.1811771
coffee_made,1777062498.2320695
coffee_made,1777062498.2320695
coffee_made,1777062498.278491
coffee_made,1777062498.278491
coffee_made,1777062498.329772
coffee_made,1777062498.329772
coffee_made,1777062498.3666396
coffee_made,1777062498.3666396
coffee_made,1777062498.4062598
coffee_made,1777062498.4062598
coffee_made,1777062498.4480076
coffee_made,1777062498.4480076
coffee_made,1777062498.491958
coffee_made,1777062498.491958
coffee_made,1777062498.5348732
coffee_made,1777062498.5348732
coffee_made,1777062498.5738394
coffee_made,1777062498.5738394
coffee_made,1777062498.6142669
coffee_made,1777062498.6142669
coffee_made,1777062498.6142669
coffee_made,1777062498.663666
coffee_made,1777062498.663666
coffee_made,1777062498.663666
coffee_made,1777062498.7164757
coffee_made,1777062498.7164757
coffee_made,1777062498.7164757
coffee_made,1777062498.7752385
coffee_made,1777062498.7752385
coffee_made,1777062498.7752385
coffee_made,1777062498.8228574
coffee_made,1777062498.8228574
coffee_made,1777062498.8228574
coffee_made,1777062498.8697433
coffee_made,1777062498.8697433
coffee_made,1777062498.8697433
coffee_made,1777062498.9194999
coffee_made,1777062498.9194999
coffee_made,1777062498.9194999
coffee_made,1777062498.9773386
coffee_made,1777062498.9773386
coffee_made,1777062498.9773386
coffee_made,1777062499.0198414
coffee_made,1777062499.0198414
coffee_made,1777062499.0198414
coffee_made,1777062499.0883126
coffee_made,1777062499.0883126
coffee_made,1777062499.0883126
coffee_made,1777062499.1682138
coffee_made,1777062499.1682138
coffee_made,1777062499.1682138
coffee_made,1777062499.2209466
coffee_made,1777062499.2209466
coffee_made,1777062499.2209466
coffee_made,1777062499.2731278
coffee_made,1777062499.2731278
coffee_made,1777062499.2731278
coffee_made,1777062499.3248198
coffee_made,1777062499.3248198
coffee_made,1777062499.3248198
coffee_made,1777062499.3666542
coffee_made,1777062499.3666542
coffee_made,1777062499.3666542
coffee_made,1777062499.428879
coffee_made,1777062499.428879
coffee_made,1777062499.428879
coffee_made,1777062499.485114
coffee_made,1777062499.485114
coffee_made,1777062499.485114
coffee_made,1777062499.5379584
coffee_made,1777062499.5379584
coffee_made,1777062499.5379584
coffee_made,1777062499.594757
coffee_made,1777062499.594757
coffee_made,1777062499.594757
coffee_made,1777062499.654672
coffee_made,1777062499.654672
coffee_made,1777062499.654672
coffee_made,1777062499.7016494
coffee_made,1777062499.7016494
coffee_made,1777062499.7016494
coffee_made,1777062499.7472477
coffee_made,1777062499.7472477
coffee_made,1777062499.7472477
coffee_made,1777062499.795577
coffee_made,1777062499.795577
coffee_made,1777062499.795577
coffee_made,1777062499.842874
coffee_made,1777062499.842874
coffee_made,1777062499.842874
coffee_made,1777062499.8830519
coffee_made,1777062499.8830519
coffee_made,1777062499.8830519
coffee_made,1777062499.9337044
coffee_made,1777062499.9337044
coffee_made,1777062499.9337044
coffee_made,1777062499.9854465
coffee_made,1777062499.9854465
coffee_made,1777062499.9854465
coffee_made,1777062500.0439723
coffee_made,1777062500.0439723
coffee_made,1777062500.0439723
coffee_made,1777062500.0924327
coffee_made,1777062500.0924327
coffee_made,1777062500.0924327
coffee_made,1777062500.1319113
coffee_made,1777062500.1319113
coffee_made,1777062500.1319113
coffee_made,1777062500.1744924
coffee_made,1777062500.1744924
coffee_made,1777062500.1744924
coffee_made,1777062500.2163682
coffee_made,1777062500.2163682
coffee_made,1777062500.2163682
coffee_made,1777062500.2559094
coffee_made,1777062500.2559094
coffee_made,1777062500.2559094
coffee_made,1777062500.300423
coffee_made,1777062500.300423
coffee_made,1777062500.300423
coffee_made,1777062500.3452063
coffee_made,1777062500.3452063
coffee_made,1777062500.3452063
coffee_made,1777062500.393403
coffee_made,1777062500.393403
coffee_made,1777062500.393403
coffee_made,1777062500.4322512
coffee_made,1777062500.4322512
coffee_made,1777062500.473536
coffee_made,1777062500.473536
coffee_made,1777062500.5151155
coffee_made,1777062500.5151155
coffee_made,1777062500.5600295
coffee_made,1777062500.5600295
coffee_made,1777062500.6104352
coffee_made,1777062500.6104352
coffee_made,1777062500.6567051
coffee_made,1777062500.6567051
coffee_made,1777062500.6965818
coffee_made,1777062500.6965818
coffee_made,1777062500.7348826
coffee_made,1777062500.7348826
coffee_made,1777062500.790297
coffee_made,1777062500.790297
coffee_made,1777062500.8408031
coffee_made,1777062500.8408031
coffee_made,1777062500.883195
coffee_made,1777062500.883195
coffee_made,1777062500.9222658
coffee_made,1777062500.9222658
coffee_made,1777062500.967196
coffee_made,1777062500.967196
coffee_made,1777062501.009149
coffee_made,1777062501.009149
coffee_made,1777062501.0583153
coffee_made,1777062501.0583153
coffee_made,1777062501.1006818
coffee_made,1777062501.1006818
coffee_made,1777062501.1509876
coffee_made,1777062501.1509876
coffee_made,1777062501.1836505
coffee_made,1777062501.1836505
coffee_made,1777062501.2284756
coffee_made,1777062501.2758696
coffee_made,1777062501.2758696
coffee_made,1777062501.2758696
coffee_made,1777062501.3380988
coffee_made,1777062501.3380988
coffee_made,1777062501.3380988
coffee_made,1777062501.3845265
coffee_made,1777062501.3845265
coffee_made,1777062501.3845265
coffee_made,1777062501.4244592
coffee_made,1777062501.4244592
coffee_made,1777062501.4244592
coffee_made,1777062501.463838
coffee_made,1777062501.463838
coffee_made,1777062501.463838
coffee_made,1777062501.5114033
coffee_made,1777062501.5114033
coffee_made,1777062501.5114033
coffee_made,1777062501.5584238
coffee_made,1777062501.5584238
coffee_made,1777062501.5584238
coffee_made,1777062501.5987287
coffee_made,1777062501.5987287
coffee_made,1777062501.5987287
coffee_made,1777062501.6393075
coffee_made,1777062501.6393075
coffee_made,1777062501.6393075
coffee_made,1777062501.681107
coffee_made,1777062501.681107
coffee_made,1777062501.681107
coffee_made,1777062501.7308831
coffee_made,1777062501.7308831
coffee_made,1777062501.7308831
coffee_made,1777062501.776621
coffee_made,1777062501.776621
coffee_made,1777062501.776621
coffee_made,1777062501.82676
coffee_made,1777062501.82676
coffee_made,1777062501.82676
coffee_made,1777062501.8752081
coffee_made,1777062501.8752081
coffee_made,1777062501.8752081
coffee_made,1777062501.9170642
coffee_made,1777062501.9170642
coffee_made,1777062501.9170642
coffee_made,1777062501.96223
coffee_made,1777062501.96223
coffee_made,1777062501.96223
coffee_made,1777062502.018294
coffee_made,1777062502.018294
coffee_made,1777062502.018294
coffee_made,1777062502.0645754
coffee_made,1777062502.0645754
coffee_made,1777062502.1046772
coffee_made,1777062502.1046772
coffee_made,1777062502.1553571
coffee_made,1777062502.1553571
coffee_made,1777062502.1553571
coffee_made,1777062502.2065656
coffee_made,1777062502.2065656
coffee_made,1777062502.2065656
coffee_made,1777062502.256574
coffee_made,1777062502.256574
coffee_made,1777062502.256574
coffee_made,1777062502.301396
coffee_made,1777062502.301396
coffee_made,1777062502.301396
coffee_made,1777062502.345397
coffee_made,1777062502.345397
coffee_made,1777062502.345397
coffee_made,1777062502.3908494
coffee_made,1777062502.3908494
coffee_made,1777062502.3908494
coffee_made,1777062502.4307532
coffee_made,1777062502.4307532
coffee_made,1777062502.4307532
coffee_made,1777062502.4866784
coffee_made,1777062502.4866784
coffee_made,1777062502.4866784
coffee_made,1777062502.534691
coffee_made,1777062502.534691
coffee_made,1777062502.534691
coffee_made,1777062502.5782132
coffee_made,1777062502.5782132
coffee_made,1777062502.5782132
coffee_made,1777062502.6326106
coffee_made,1777062502.6326106
coffee_made,1777062502.6326106
coffee_made,1777062502.6777847
coffee_made,1777062502.6777847
coffee_made,1777062502.6777847
coffee_made,1777062502.7269363
coffee_made,1777062502.7269363
coffee_made,1777062502.7269363
coffee_made,1777062502.7269363
coffee_made,1777062502.776506
coffee_made,1777062502.776506
coffee_made,1777062502.776506
coffee_made,1777062502.776506
coffee_made,1777062502.8246784
coffee_made,1777062502.8246784
coffee_made,1777062502.8246784
coffee_made,1777062502.8246784
coffee_made,1777062502.8651898
coffee_made,1777062502.8651898
coffee_made,1777062502.8651898
coffee_made,1777062502.8651898
coffee_made,1777062502.9132442
coffee_made,1777062502.9132442
coffee_made,1777062502.9132442
coffee_made,1777062502.9132442
coffee_made,1777062502.9552608
coffee_made,1777062502.9552608
coffee_made,1777062502.9552608
coffee_made,1777062502.9552608
coffee_made,1777062502.9986258
coffee_made,1777062502.9986258
coffee_made,1777062502.9986258
coffee_made,1777062502.9986258
coffee_made,1777062502.9986258
coffee_made,1777062503.040034
coffee_made,1777062503.040034
coffee_made,1777062503.040034
coffee_made,1777062503.040034
coffee_made,1777062503.040034
coffee_made,1777062503.0867653
coffee_made,1777062503.0867653
coffee_made,1777062503.0867653
coffee_made,1777062503.0867653
coffee_made,1777062503.0867653
coffee_made,1777062503.13225
coffee_made,1777062503.13225
coffee_made,1777062503.13225
coffee_made,1777062503.13225
coffee_made,1777062503.13225
coffee_made,1777062503.1710203
coffee_made,1777062503.1710203
coffee_made,1777062503.1710203
coffee_made,1777062503.1710203
coffee_made,1777062503.1710203
coffee_made,1777062503.2186096
coffee_made,1777062503.2186096
coffee_made,1777062503.2186096
coffee_made,1777062503.2186096
coffee_made,1777062503.2186096
coffee_made,1777062503.2669837
coffee_made,1777062503.2669837
coffee_made,1777062503.2669837
coffee_made,1777062503.2669837
coffee_made,1777062503.2669837
coffee_made,1777062503.3063526
coffee_made,1777062503.3063526
coffee_made,1777062503.3063526
coffee_made,1777062503.351446
coffee_made,1777062503.351446
coffee_made,1777062503.351446
coffee_made,1777062503.3941271
coffee_made,1777062503.3941271
coffee_made,1777062503.3941271
coffee_made,1777062503.4434147
coffee_made,1777062503.4434147
coffee_made,1777062503.4434147
coffee_made,1777062503.483981
coffee_made,1777062503.483981
coffee_made,1777062503.483981
coffee_made,1777062503.5315094
coffee_made,1777062503.5315094
coffee_made,1777062503.5315094
coffee_made,1777062503.579616
coffee_made,1777062503.579616
coffee_made,1777062503.579616
coffee_made,1777062503.6233227
coffee_made,1777062503.6233227
coffee_made,1777062503.6233227
coffee_made,1777062503.6233227
coffee_made,1777062503.6680527
coffee_made,1777062503.6680527
coffee_made,1777062503.6680527
coffee_made,1777062503.6680527
coffee_made,1777062503.7146432
coffee_made,1777062503.7146432
coffee_made,1777062503.7146432
coffee_made,1777062503.7146432
coffee_made,1777062503.7643983
coffee_made,1777062503.7643983
coffee_made,1777062503.7643983
coffee_made,1777062503.7643983
coffee_made,1777062503.820035
coffee_made,1777062503.820035
coffee_made,1777062503.820035
coffee_made,1777062503.820035
coffee_made,1777062503.861248
coffee_made,1777062503.861248
coffee_made,1777062503.861248
coffee_made,1777062503.861248
coffee_made,1777062503.9144554
coffee_made,1777062503.9144554
coffee_made,1777062503.9144554
coffee_made,1777062503.9144554
coffee_made,1777062503.9604282
coffee_made,1777062503.9604282
coffee_made,1777062503.9604282
coffee_made,1777062503.9604282
coffee_made,1777062504.0119567
coffee_made,1777062504.0119567
coffee_made,1777062504.0119567
coffee_made,1777062504.0119567
coffee_made,1777062504.0583413
coffee_made,1777062504.0583413
coffee_made,1777062504.0583413
coffee_made,1777062504.0583413
coffee_made,1777062504.102268
coffee_made,1777062504.102268
coffee_made,1777062504.102268
coffee_made,1777062504.102268
coffee_made,1777062504.1538188
coffee_made,1777062504.1538188
coffee_made,1777062504.1538188
coffee_made,1777062504.2002678
coffee_made,1777062504.2002678
coffee_made,1777062504.2002678
coffee_made,1777062504.24095
coffee_made,1777062504.24095
coffee_made,1777062504.24095
coffee_made,1777062504.2770743
coffee_made,1777062504.2770743
coffee_made,1777062504.2770743
coffee_made,1777062504.3250835
coffee_made,1777062504.3250835
coffee_made,1777062504.3250835
coffee_made,1777062504.3696764
coffee_made,1777062504.3696764
coffee_made,1777062504.3696764
coffee_made,1777062504.3696764
coffee_made,1777062504.3696764
coffee_made,1777062504.4166665
coffee_made,1777062504.4166665
coffee_made,1777062504.4166665
coffee_made,1777062504.4166665
coffee_made,1777062504.4166665
coffee_made,1777062504.4572444
coffee_made,1777062504.4572444
coffee_made,1777062504.4572444
coffee_made,1777062504.4572444
coffee_made,1777062504.4572444
coffee_made,1777062504.503907
coffee_made,1777062504.503907
coffee_made,1777062504.503907
coffee_made,1777062504.503907
coffee_made,1777062504.503907
coffee_made,1777062504.5470865
coffee_made,1777062504.5470865
coffee_made,1777062504.5470865
coffee_made,1777062504.5470865
coffee_made,1777062504.5470865
coffee_made,1777062504.5928645
coffee_made,1777062504.5928645
coffee_made,1777062504.5928645
coffee_made,1777062504.5928645
coffee_made,1777062504.5928645
coffee_made,1777062504.63304
coffee_made,1777062504.63304
coffee_made,1777062504.63304
coffee_made,1777062504.63304
coffee_made,1777062504.63304
coffee_made,1777062504.6732552
coffee_made,1777062504.6732552
coffee_made,1777062504.6732552
coffee_made,1777062504.6732552
coffee_made,1777062504.6732552
coffee_made,1777062504.7184498
coffee_made,1777062504.7184498
coffee_made,1777062504.7184498
coffee_made,1777062504.7184498
coffee_made,1777062504.7184498
coffee_made,1777062504.758291
coffee_made,1777062504.758291
coffee_made,1777062504.758291
coffee_made,1777062504.758291
coffee_made,1777062504.758291
coffee_made,1777062504.798724
coffee_made,1777062504.798724
coffee_made,1777062504.798724
coffee_made,1777062504.798724
coffee_made,1777062504.798724
coffee_made,1777062504.8413208,,
coffee_made,1777062504.8413208,,
customer_exit,,32.0,0.83
coffee_made,1777062504.8413208,,
coffee_made,1777062504.8413208,,
coffee_made,1777062504.8413208,,
coffee_made,1777062504.8413208,,
coffee_made,1777062504.881184
coffee_made,1777062504.881184
coffee_made,1777062504.881184
coffee_made,1777062504.881184
coffee_made,1777062504.881184
coffee_made,1777062504.881184
coffee_made,1777062504.9363496
coffee_made,1777062504.9363496
coffee_made,1777062504.9363496
coffee_made,1777062504.9363496
coffee_made,1777062504.9363496
coffee_made,1777062504.9363496
coffee_made,1777062504.9822865
coffee_made,1777062504.9822865
coffee_made,1777062504.9822865
coffee_made,1777062504.9822865
coffee_made,1777062504.9822865
coffee_made,1777062504.9822865
coffee_made,1777062505.0287855,,
coffee_made,1777062505.0287855,,
customer_exit,,32.0,0.05
coffee_made,1777062505.0287855,,
coffee_made,1777062505.0287855,,
coffee_made,1777062505.0287855,,
coffee_made,1777062505.0287855,,
coffee_made,1777062505.0287855,,
coffee_made,1777062505.085147
coffee_made,1777062505.085147
coffee_made,1777062505.085147
coffee_made,1777062505.085147
coffee_made,1777062505.085147
coffee_made,1777062505.085147
coffee_made,1777062505.085147
coffee_made,1777062505.127738
coffee_made,1777062505.127738
coffee_made,1777062505.127738
coffee_made,1777062505.127738
coffee_made,1777062505.127738
coffee_made,1777062505.127738
coffee_made,1777062505.127738
coffee_made,1777062505.1763213
coffee_made,1777062505.1763213
coffee_made,1777062505.1763213
coffee_made,1777062505.1763213
coffee_made,1777062505.1763213
coffee_made,1777062505.1763213
coffee_made,1777062505.1763213
coffee_made,1777062505.2138102,,
coffee_made,1777062505.2138102,,
customer_exit,,32.0,0.09
customer_exit,,33.0,0.04
coffee_made,1777062505.2138102,,
coffee_made,1777062505.2138102,,
coffee_made,1777062505.2138102,,
coffee_made,1777062505.2138102,,
coffee_made,1777062505.2138102,,
coffee_made,1777062505.2643962
coffee_made,1777062505.2643962
coffee_made,1777062505.2643962
coffee_made,1777062505.2643962
coffee_made,1777062505.2643962
coffee_made,1777062505.2643962
coffee_made,1777062505.2643962
coffee_made,1777062505.3127546
coffee_made,1777062505.3127546
coffee_made,1777062505.3127546
coffee_made,1777062505.3127546
coffee_made,1777062505.3127546
coffee_made,1777062505.3127546
coffee_made,1777062505.3127546
coffee_made,1777062505.357492
coffee_made,1777062505.357492
coffee_made,1777062505.357492
coffee_made,1777062505.357492
coffee_made,1777062505.357492
coffee_made,1777062505.357492
coffee_made,1777062505.357492
coffee_made,1777062505.4069006
coffee_made,1777062505.4069006
coffee_made,1777062505.4069006
coffee_made,1777062505.4069006
coffee_made,1777062505.4069006
coffee_made,1777062505.4069006
coffee_made,1777062505.4069006
coffee_made,1777062505.452364
coffee_made,1777062505.452364
coffee_made,1777062505.452364
coffee_made,1777062505.452364
coffee_made,1777062505.452364
coffee_made,1777062505.452364
coffee_made,1777062505.452364
coffee_made,1777062505.5022523
coffee_made,1777062505.5022523
coffee_made,1777062505.5022523
coffee_made,1777062505.5022523
coffee_made,1777062505.5022523
coffee_made,1777062505.5022523
coffee_made,1777062505.5022523
coffee_made,1777062505.548148
coffee_made,1777062505.548148
coffee_made,1777062505.548148
coffee_made,1777062505.548148
coffee_made,1777062505.548148
coffee_made,1777062505.548148
coffee_made,1777062505.548148
coffee_made,1777062505.5906043
coffee_made,1777062505.5906043
coffee_made,1777062505.5906043
coffee_made,1777062505.5906043
coffee_made,1777062505.5906043
coffee_made,1777062505.5906043
coffee_made,1777062505.5906043
coffee_made,1777062505.6336772
coffee_made,1777062505.6336772
coffee_made,1777062505.6336772
coffee_made,1777062505.6336772
coffee_made,1777062505.6336772
coffee_made,1777062505.6336772
coffee_made,1777062505.6336772
coffee_made,1777062505.6760454
coffee_made,1777062505.6760454
coffee_made,1777062505.6760454
coffee_made,1777062505.6760454
coffee_made,1777062505.6760454
coffee_made,1777062505.724379
coffee_made,1777062505.724379
coffee_made,1777062505.724379
coffee_made,1777062505.724379
coffee_made,1777062505.724379
coffee_made,1777062505.7640347
coffee_made,1777062505.7640347
coffee_made,1777062505.7640347
coffee_made,1777062505.7640347
coffee_made,1777062505.7640347
coffee_made,1777062505.807286
coffee_made,1777062505.807286
coffee_made,1777062505.807286
coffee_made,1777062505.807286
coffee_made,1777062505.807286
coffee_made,1777062505.8499699
coffee_made,1777062505.8499699
coffee_made,1777062505.8499699
coffee_made,1777062505.8499699
coffee_made,1777062505.8499699
coffee_made,1777062505.8911872
coffee_made,1777062505.8911872
coffee_made,1777062505.8911872
coffee_made,1777062505.8911872
coffee_made,1777062505.8911872
coffee_made,1777062505.937185
coffee_made,1777062505.937185
coffee_made,1777062505.937185
coffee_made,1777062505.937185
coffee_made,1777062505.937185
coffee_made,1777062505.9829957
coffee_made,1777062505.9829957
coffee_made,1777062505.9829957
coffee_made,1777062505.9829957
coffee_made,1777062506.0268645
coffee_made,1777062506.0268645
coffee_made,1777062506.0268645
coffee_made,1777062506.0268645
coffee_made,1777062506.0828712
coffee_made,1777062506.0828712
coffee_made,1777062506.0828712
coffee_made,1777062506.0828712
coffee_made,1777062506.1339004
coffee_made,1777062506.1339004
coffee_made,1777062506.1339004
coffee_made,1777062506.1339004
coffee_made,1777062506.19439
coffee_made,1777062506.19439
coffee_made,1777062506.19439
coffee_made,1777062506.19439
coffee_made,1777062506.2498703
coffee_made,1777062506.2498703
coffee_made,1777062506.2498703
coffee_made,1777062506.2498703
coffee_made,1777062506.304975
coffee_made,1777062506.304975
coffee_made,1777062506.304975
coffee_made,1777062506.304975
coffee_made,1777062506.3692336
coffee_made,1777062506.3692336
coffee_made,1777062506.3692336
coffee_made,1777062506.3692336
coffee_made,1777062506.4226801
coffee_made,1777062506.4226801
coffee_made,1777062506.4226801
coffee_made,1777062506.4226801
coffee_made,1777062506.4803154
coffee_made,1777062506.4803154
coffee_made,1777062506.4803154
coffee_made,1777062506.4803154
coffee_made,1777062506.5299065
coffee_made,1777062506.5299065
coffee_made,1777062506.5299065
coffee_made,1777062506.5299065
coffee_made,1777062506.5867853
coffee_made,1777062506.5867853
coffee_made,1777062506.5867853
coffee_made,1777062506.5867853
coffee_made,1777062506.6362958
coffee_made,1777062506.6362958
coffee_made,1777062506.6362958
coffee_made,1777062506.687506
coffee_made,1777062506.687506
coffee_made,1777062506.687506
coffee_made,1777062506.7326856
coffee_made,1777062506.7326856
coffee_made,1777062506.7326856
coffee_made,1777062506.7800026
coffee_made,1777062506.7800026
coffee_made,1777062506.7800026
coffee_made,1777062506.825653
coffee_made,1777062506.825653
coffee_made,1777062506.825653
coffee_made,1777062506.8756783
coffee_made,1777062506.8756783
coffee_made,1777062506.8756783
coffee_made,1777062506.9163778
coffee_made,1777062506.9163778
coffee_made,1777062506.9163778
coffee_made,1777062506.9163778
coffee_made,1777062506.95887
coffee_made,1777062506.95887
coffee_made,1777062506.95887
coffee_made,1777062506.95887
coffee_made,1777062507.0046723
coffee_made,1777062507.0046723
coffee_made,1777062507.0046723
coffee_made,1777062507.0046723
coffee_made,1777062507.0046723
coffee_made,1777062507.0529485
coffee_made,1777062507.0529485
coffee_made,1777062507.0529485
coffee_made,1777062507.0529485
coffee_made,1777062507.0529485
coffee_made,1777062507.102448
coffee_made,1777062507.102448
coffee_made,1777062507.102448
coffee_made,1777062507.102448
coffee_made,1777062507.102448
coffee_made,1777062507.102448
coffee_made,1777062507.1516845
coffee_made,1777062507.1516845
coffee_made,1777062507.1516845
coffee_made,1777062507.1516845
coffee_made,1777062507.1516845
coffee_made,1777062507.1516845
coffee_made,1777062507.2022088
coffee_made,1777062507.2022088
coffee_made,1777062507.2022088
coffee_made,1777062507.2022088
coffee_made,1777062507.2022088
coffee_made,1777062507.2022088
coffee_made,1777062507.2494328
coffee_made,1777062507.2494328
coffee_made,1777062507.2494328
coffee_made,1777062507.2494328
coffee_made,1777062507.2494328
coffee_made,1777062507.2494328
coffee_made,1777062507.291805
coffee_made,1777062507.291805
coffee_made,1777062507.291805
coffee_made,1777062507.291805
coffee_made,1777062507.291805
coffee_made,1777062507.291805
coffee_made,1777062507.3358953
coffee_made,1777062507.3358953
coffee_made,1777062507.3358953
coffee_made,1777062507.3358953
coffee_made,1777062507.3358953
coffee_made,1777062507.3358953
coffee_made,1777062507.3884466
coffee_made,1777062507.3884466
coffee_made,1777062507.3884466
coffee_made,1777062507.3884466
coffee_made,1777062507.3884466
coffee_made,1777062507.4338436
coffee_made,1777062507.4338436
coffee_made,1777062507.4338436
coffee_made,1777062507.4338436
coffee_made,1777062507.4338436
coffee_made,1777062507.4784763
coffee_made,1777062507.4784763
coffee_made,1777062507.4784763
coffee_made,1777062507.4784763
coffee_made,1777062507.4784763
coffee_made,1777062507.4784763
coffee_made,1777062507.5292058
coffee_made,1777062507.5292058
coffee_made,1777062507.5292058
coffee_made,1777062507.5292058
coffee_made,1777062507.5292058
coffee_made,1777062507.5292058
coffee_made,1777062507.5763125
coffee_made,1777062507.5763125
coffee_made,1777062507.5763125
coffee_made,1777062507.5763125
coffee_made,1777062507.5763125
coffee_made,1777062507.5763125
coffee_made,1777062507.625723
coffee_made,1777062507.625723
coffee_made,1777062507.625723
coffee_made,1777062507.625723
coffee_made,1777062507.625723
coffee_made,1777062507.625723
coffee_made,1777062507.6675956
coffee_made,1777062507.6675956
coffee_made,1777062507.6675956
coffee_made,1777062507.6675956
coffee_made,1777062507.6675956
coffee_made,1777062507.6675956
coffee_made,1777062507.713421
coffee_made,1777062507.713421
coffee_made,1777062507.713421
coffee_made,1777062507.713421
coffee_made,1777062507.713421
coffee_made,1777062507.713421
coffee_made,1777062507.7566717
coffee_made,1777062507.7566717
coffee_made,1777062507.7566717
coffee_made,1777062507.7566717
coffee_made,1777062507.7566717
coffee_made,1777062507.7566717
coffee_made,1777062507.8043828
coffee_made,1777062507.8043828
coffee_made,1777062507.8043828
coffee_made,1777062507.8043828
coffee_made,1777062507.8043828
coffee_made,1777062507.8043828
coffee_made,1777062507.844831
coffee_made,1777062507.844831
coffee_made,1777062507.844831
coffee_made,1777062507.844831
coffee_made,1777062507.844831
coffee_made,1777062507.844831
coffee_made,1777062507.8813138
coffee_made,1777062507.8813138
coffee_made,1777062507.8813138
coffee_made,1777062507.8813138
coffee_made,1777062507.8813138
coffee_made,1777062507.8813138
coffee_made,1777062507.9212048
coffee_made,1777062507.9212048
coffee_made,1777062507.9212048
coffee_made,1777062507.9212048
coffee_made,1777062507.9212048
coffee_made,1777062507.9212048
coffee_made,1777062507.9605978
coffee_made,1777062507.9605978
coffee_made,1777062507.9605978
coffee_made,1777062507.9605978
coffee_made,1777062507.9605978
coffee_made,1777062507.9605978
coffee_made,1777062507.999694
coffee_made,1777062507.999694
coffee_made,1777062507.999694
coffee_made,1777062507.999694
coffee_made,1777062507.999694
coffee_made,1777062508.0467582
coffee_made,1777062508.0467582
coffee_made,1777062508.0467582
coffee_made,1777062508.0467582
coffee_made,1777062508.0467582
coffee_made,1777062508.085958
coffee_made,1777062508.085958
coffee_made,1777062508.085958
coffee_made,1777062508.085958
coffee_made,1777062508.085958
coffee_made,1777062519.1834981
coffee_made,1777062519.2388928
coffee_made,1777062519.284537
coffee_made,1777062519.3319454
coffee_made,1777062519.393344
coffee_made,1777062519.4529147
coffee_made,1777062519.4980206
coffee_made,1777062519.5523672
coffee_made,1777062519.6084774
coffee_made,1777062519.6561549
coffee_made,1777062519.703123
coffee_made,1777062519.756186
coffee_made,1777062519.819026
coffee_made,1777062519.875085
coffee_made,1777062519.9206038
coffee_made,1777062519.9770813
coffee_made,1777062520.0275307
coffee_made,1777062520.0839107
coffee_made,1777062520.1357965
coffee_made,1777062520.1977627
coffee_made,1777062520.2447438
coffee_made,1777062520.2941697
coffee_made,1777062520.3536153
coffee_made,1777062520.3984065
coffee_made,1777062520.4421518
coffee_made,1777062520.494153
coffee_made,1777062520.546863
coffee_made,1777062520.5898213
coffee_made,1777062520.6365633
coffee_made,1777062520.6856713
coffee_made,1777062520.7318852
coffee_made,1777062520.774569
coffee_made,1777062520.8173683
coffee_made,1777062520.860331
coffee_made,1777062520.9094834
coffee_made,1777062520.9640737
coffee_made,1777062521.0177963
coffee_made,1777062521.069124
coffee_made,1777062521.1143525
coffee_made,1777062521.1705422
coffee_made,1777062521.2205687
coffee_made,1777062521.2721934
coffee_made,1777062521.3348992
coffee_made,1777062521.379088
coffee_made,1777062521.4329154
coffee_made,1777062521.5006375
coffee_made,1777062521.5658286
coffee_made,1777062521.6316466
coffee_made,1777062521.695575
coffee_made,1777062521.7627728
coffee_made,1777062521.8366704
coffee_made,1777062521.9191172
coffee_made,1777062521.98604
coffee_made,1777062521.98604
coffee_made,1777062522.0587537
coffee_made,1777062522.0587537
coffee_made,1777062522.139389
coffee_made,1777062522.2150354
coffee_made,1777062522.29273
coffee_made,1777062522.3742766
coffee_made,1777062522.4647188
coffee_made,1777062522.4647188
coffee_made,1777062522.551222
coffee_made,1777062522.551222
coffee_made,1777062522.6427462
coffee_made,1777062522.7567716
coffee_made,1777062522.866507
coffee_made,1777062522.9847295
coffee_made,1777062523.097302
coffee_made,1777062523.2919798
coffee_made,1777062523.5131135
coffee_made,1777062523.660592
coffee_made,1777062523.7998285
coffee_made,1777062523.9548028
coffee_made,1777062524.0975864
coffee_made,1777062524.2892938
coffee_made,1777062524.2892938
coffee_made,1777062524.4477715
coffee_made,1777062524.4477715
coffee_made,1777062524.5893936
coffee_made,1777062524.5893936
coffee_made,1777062524.7525027
coffee_made,1777062524.7525027
coffee_made,1777062524.9135444
coffee_made,1777062525.0835907
coffee_made,1777062525.2535706
coffee_made,1777062525.4320717
coffee_made,1777062525.5929036
coffee_made,1777062525.7243268
coffee_made,1777062525.8683474
coffee_made,1777062526.0108988
coffee_made,1777062526.1457255
coffee_made,1777062526.2812366
coffee_made,1777062526.2812366
coffee_made,1777062526.4358637
coffee_made,1777062526.4358637
coffee_made,1777062526.5643272
coffee_made,1777062526.5643272
coffee_made,1777062526.673555
coffee_made,1777062526.673555
coffee_made,1777062526.7974706
coffee_made,1777062526.7974706
coffee_made,1777062526.9034808
coffee_made,1777062526.9034808
coffee_made,1777062527.0311267
coffee_made,1777062527.0311267
coffee_made,1777062527.2269368
coffee_made,1777062527.2269368
coffee_made,1777062527.5345387
coffee_made,1777062527.5345387
coffee_made,1777062527.9082465
coffee_made,1777062527.9082465
coffee_made,1777062528.1192098
coffee_made,1777062528.1192098
coffee_made,1777062528.3194437
coffee_made,1777062528.5476737
coffee_made,1777062528.5476737
coffee_made,1777062528.7072864
coffee_made,1777062528.7072864
coffee_made,1777062528.9728103
coffee_made,1777062528.9728103
coffee_made,1777062529.1688359
coffee_made,1777062529.3125148
coffee_made,1777062529.3125148
coffee_made,1777062529.4587314
coffee_made,1777062529.4587314
coffee_made,1777062529.6106288
coffee_made,1777062529.6106288
coffee_made,1777062529.743608
coffee_made,1777062529.743608
coffee_made,1777062529.8767862
coffee_made,1777062529.8767862
coffee_made,1777062530.0061758
coffee_made,1777062530.0061758
coffee_made,1777062530.0061758
coffee_made,1777062530.0061758
coffee_made,1777062530.140519
coffee_made,1777062530.140519
coffee_made,1777062530.140519
coffee_made,1777062530.140519
coffee_made,1777062530.2653017
coffee_made,1777062530.2653017
coffee_made,1777062530.2653017
coffee_made,1777062530.2653017
coffee_made,1777062530.3861768
coffee_made,1777062530.3861768
coffee_made,1777062530.3861768
coffee_made,1777062530.3861768
coffee_made,1777062530.5071902
coffee_made,1777062530.5071902
coffee_made,1777062530.5071902
coffee_made,1777062530.5071902
coffee_made,1777062530.6358848
coffee_made,1777062530.6358848
coffee_made,1777062530.6358848
coffee_made,1777062530.6358848
coffee_made,1777062530.7428367
coffee_made,1777062530.7428367
coffee_made,1777062530.7428367
coffee_made,1777062530.7428367
coffee_made,1777062530.879104
coffee_made,1777062530.879104
coffee_made,1777062530.879104
coffee_made,1777062530.879104
coffee_made,1777062531.0020893
coffee_made,1777062531.0020893
coffee_made,1777062531.0020893
coffee_made,1777062531.0020893
coffee_made,1777062531.1299884
coffee_made,1777062531.1299884
coffee_made,1777062531.1299884
coffee_made,1777062531.1299884
coffee_made,1777062531.2515886
coffee_made,1777062531.2515886
coffee_made,1777062531.2515886
coffee_made,1777062531.2515886
coffee_made,1777062531.3622892
coffee_made,1777062531.3622892
coffee_made,1777062531.3622892
coffee_made,1777062531.3622892
coffee_made,1777062531.4764016
coffee_made,1777062531.4764016
coffee_made,1777062531.4764016
coffee_made,1777062531.4764016
coffee_made,1777062531.6131527
coffee_made,1777062531.6131527
coffee_made,1777062531.6131527
coffee_made,1777062531.6131527
coffee_made,1777062531.742242
coffee_made,1777062531.742242
coffee_made,1777062531.742242
coffee_made,1777062531.742242
coffee_made,1777062531.8707757
coffee_made,1777062531.8707757
coffee_made,1777062531.8707757
coffee_made,1777062531.8707757
coffee_made,1777062531.8707757
coffee_made,1777062531.994039
coffee_made,1777062531.994039
coffee_made,1777062531.994039
coffee_made,1777062531.994039
coffee_made,1777062531.994039
coffee_made,1777062532.1307027
coffee_made,1777062532.1307027
coffee_made,1777062532.1307027
coffee_made,1777062532.1307027
coffee_made,1777062532.1307027
coffee_made,1777062532.258184
coffee_made,1777062532.258184
coffee_made,1777062532.258184
coffee_made,1777062532.258184
coffee_made,1777062532.258184
coffee_made,1777062532.3849716
coffee_made,1777062532.3849716
coffee_made,1777062532.3849716
coffee_made,1777062532.3849716
coffee_made,1777062532.3849716
coffee_made,1777062532.5056205
coffee_made,1777062532.5056205
coffee_made,1777062532.5056205
coffee_made,1777062532.5056205
coffee_made,1777062532.5056205
coffee_made,1777062532.5056205
coffee_made,1777062532.6568215
coffee_made,1777062532.6568215
coffee_made,1777062532.6568215
coffee_made,1777062532.6568215
coffee_made,1777062532.6568215
coffee_made,1777062532.6568215
coffee_made,1777062532.8139215
coffee_made,1777062532.8139215
coffee_made,1777062532.8139215
coffee_made,1777062532.8139215
coffee_made,1777062532.8139215
coffee_made,1777062532.8139215
coffee_made,1777062532.9467726
coffee_made,1777062532.9467726
coffee_made,1777062532.9467726
coffee_made,1777062532.9467726
coffee_made,1777062532.9467726
coffee_made,1777062532.9467726
coffee_made,1777062533.103037
coffee_made,1777062533.103037
coffee_made,1777062533.103037
coffee_made,1777062533.103037
coffee_made,1777062533.103037
coffee_made,1777062533.103037
coffee_made,1777062533.245167
coffee_made,1777062533.245167
coffee_made,1777062533.245167
coffee_made,1777062533.245167
coffee_made,1777062533.245167
coffee_made,1777062533.245167
coffee_made,1777062533.3846598
coffee_made,1777062533.3846598
coffee_made,1777062533.3846598
coffee_made,1777062533.3846598
coffee_made,1777062533.3846598
coffee_made,1777062533.3846598
coffee_made,1777062533.501248
coffee_made,1777062533.501248
coffee_made,1777062533.501248
coffee_made,1777062533.501248
coffee_made,1777062533.501248
coffee_made,1777062533.501248
coffee_made,1777062533.6136634
coffee_made,1777062533.6136634
coffee_made,1777062533.6136634
coffee_made,1777062533.6136634
coffee_made,1777062533.6136634
coffee_made,1777062533.6136634
coffee_made,1777062533.7282186
coffee_made,1777062533.7282186
coffee_made,1777062533.7282186
coffee_made,1777062533.7282186
coffee_made,1777062533.7282186
coffee_made,1777062533.8489823
coffee_made,1777062533.8489823
coffee_made,1777062533.8489823
coffee_made,1777062533.8489823
coffee_made,1777062533.8489823
coffee_made,1777062533.96511
coffee_made,1777062533.96511
coffee_made,1777062533.96511
coffee_made,1777062533.96511
coffee_made,1777062533.96511
coffee_made,1777062534.0840673
coffee_made,1777062534.0840673
coffee_made,1777062534.0840673
coffee_made,1777062534.0840673
coffee_made,1777062534.0840673
coffee_made,1777062534.1931126
coffee_made,1777062534.1931126
coffee_made,1777062534.1931126
coffee_made,1777062534.1931126
coffee_made,1777062534.1931126
coffee_made,1777062534.2947853
coffee_made,1777062534.2947853
coffee_made,1777062534.2947853
coffee_made,1777062534.2947853
coffee_made,1777062534.2947853
coffee_made,1777062534.3951147
coffee_made,1777062534.3951147
coffee_made,1777062534.3951147
coffee_made,1777062534.3951147
coffee_made,1777062534.3951147
coffee_made,1777062534.4764707
coffee_made,1777062534.4764707
coffee_made,1777062534.4764707
coffee_made,1777062534.4764707
coffee_made,1777062534.5574014
coffee_made,1777062534.5574014
coffee_made,1777062534.5574014
coffee_made,1777062534.5574014
coffee_made,1777062534.6417742
coffee_made,1777062534.6417742
coffee_made,1777062534.6417742
coffee_made,1777062534.6417742
coffee_made,1777062534.6417742
coffee_made,1777062534.7323132
coffee_made,1777062534.7323132
coffee_made,1777062534.7323132
coffee_made,1777062534.7323132
coffee_made,1777062534.7323132
coffee_made,1777062534.8170702
coffee_made,1777062534.8170702
coffee_made,1777062534.8170702
coffee_made,1777062534.8170702
coffee_made,1777062534.8170702
coffee_made,1777062534.911306
coffee_made,1777062534.911306
coffee_made,1777062534.911306
coffee_made,1777062534.911306
coffee_made,1777062534.911306
coffee_made,1777062535.001736
coffee_made,1777062535.001736
coffee_made,1777062535.001736
coffee_made,1777062535.001736
coffee_made,1777062535.001736
coffee_made,1777062535.0759578
coffee_made,1777062535.0759578
coffee_made,1777062535.0759578
coffee_made,1777062535.0759578
coffee_made,1777062535.0759578
coffee_made,1777062535.1629744
coffee_made,1777062535.1629744
coffee_made,1777062535.1629744
coffee_made,1777062535.1629744
coffee_made,1777062535.1629744
coffee_made,1777062535.2418787
coffee_made,1777062535.2418787
coffee_made,1777062535.2418787
coffee_made,1777062535.2418787
coffee_made,1777062535.2418787
coffee_made,1777062535.327255
coffee_made,1777062535.327255
coffee_made,1777062535.327255
coffee_made,1777062535.327255
coffee_made,1777062535.327255
coffee_made,1777062535.4056373
coffee_made,1777062535.4056373
coffee_made,1777062535.4056373
coffee_made,1777062535.4056373
coffee_made,1777062535.4056373
coffee_made,1777062535.497348
coffee_made,1777062535.497348
coffee_made,1777062535.497348
coffee_made,1777062535.497348
coffee_made,1777062535.497348
coffee_made,1777062535.58519
coffee_made,1777062535.58519
coffee_made,1777062535.58519
coffee_made,1777062535.58519
coffee_made,1777062535.58519
coffee_made,1777062535.6677535
coffee_made,1777062535.6677535
coffee_made,1777062535.6677535
coffee_made,1777062535.6677535
coffee_made,1777062535.7558482
coffee_made,1777062535.7558482
coffee_made,1777062535.7558482
coffee_made,1777062535.7558482
coffee_made,1777062535.8512292
coffee_made,1777062535.8512292
coffee_made,1777062535.8512292
coffee_made,1777062535.8512292
coffee_made,1777062535.9314623
coffee_made,1777062535.9314623
coffee_made,1777062535.9314623
coffee_made,1777062535.9314623
coffee_made,1777062536.029539
coffee_made,1777062536.029539
coffee_made,1777062536.029539
coffee_made,1777062536.029539
coffee_made,1777062536.1326509
coffee_made,1777062536.1326509
coffee_made,1777062536.1326509
coffee_made,1777062536.1326509
coffee_made,1777062536.2360716
coffee_made,1777062536.2360716
coffee_made,1777062536.2360716
coffee_made,1777062536.2360716
coffee_made,1777062536.3481297
coffee_made,1777062536.3481297
coffee_made,1777062536.3481297
coffee_made,1777062536.3481297
coffee_made,1777062536.4853995
coffee_made,1777062536.4853995
coffee_made,1777062536.4853995
coffee_made,1777062536.4853995
coffee_made,1777062536.6097677
coffee_made,1777062536.6097677
coffee_made,1777062536.6097677
coffee_made,1777062536.6097677
coffee_made,1777062536.7401621
coffee_made,1777062536.7401621
coffee_made,1777062536.7401621
coffee_made,1777062536.7401621
coffee_made,1777062536.8643456
coffee_made,1777062536.8643456
coffee_made,1777062536.8643456
coffee_made,1777062536.8643456
coffee_made,1777062536.9971857
coffee_made,1777062536.9971857
coffee_made,1777062536.9971857
coffee_made,1777062537.1242886
coffee_made,1777062537.1242886
coffee_made,1777062537.1242886
coffee_made,1777062537.2666183
coffee_made,1777062537.2666183
coffee_made,1777062537.2666183
coffee_made,1777062537.4064748
coffee_made,1777062537.4064748
coffee_made,1777062537.4064748
coffee_made,1777062537.5419042
coffee_made,1777062537.5419042
coffee_made,1777062537.5419042
coffee_made,1777062537.684114
coffee_made,1777062537.684114
coffee_made,1777062537.684114
coffee_made,1777062537.80981
coffee_made,1777062537.80981
coffee_made,1777062537.80981
coffee_made,1777062537.9315329
coffee_made,1777062537.9315329
coffee_made,1777062537.9315329
coffee_made,1777062538.063301
coffee_made,1777062538.063301
coffee_made,1777062538.063301
coffee_made,1777062538.2381558
coffee_made,1777062538.2381558
coffee_made,1777062538.2381558
coffee_made,1777062538.375991
coffee_made,1777062538.375991
coffee_made,1777062538.375991
coffee_made,1777062538.499756
coffee_made,1777062538.499756
coffee_made,1777062538.499756
coffee_made,1777062538.6313996
coffee_made,1777062538.6313996
coffee_made,1777062538.6313996
coffee_made,1777062538.764867
coffee_made,1777062538.764867
coffee_made,1777062538.764867
coffee_made,1777062538.897976
coffee_made,1777062538.897976
coffee_made,1777062538.897976
coffee_made,1777062539.1187334
coffee_made,1777062539.1187334
coffee_made,1777062539.1187334
coffee_made,1777062539.264006
coffee_made,1777062539.264006
coffee_made,1777062539.264006
coffee_made,1777062539.4071298
coffee_made,1777062539.4071298
coffee_made,1777062539.4071298
coffee_made,1777062539.5501947
coffee_made,1777062539.5501947
coffee_made,1777062539.5501947
coffee_made,1777062539.687565
coffee_made,1777062539.687565
coffee_made,1777062539.687565
coffee_made,1777062539.8454287
coffee_made,1777062539.8454287
coffee_made,1777062539.8454287
coffee_made,1777062539.8454287
coffee_made,1777062540.015366
coffee_made,1777062540.015366
coffee_made,1777062540.015366
coffee_made,1777062540.015366
coffee_made,1777062540.214362
coffee_made,1777062540.214362
coffee_made,1777062540.214362
coffee_made,1777062540.214362
coffee_made,1777062540.4125168
coffee_made,1777062540.4125168
coffee_made,1777062540.4125168
coffee_made,1777062540.4125168
coffee_made,1777062540.5936882
coffee_made,1777062540.5936882
coffee_made,1777062540.5936882
coffee_made,1777062540.5936882
coffee_made,1777062540.743802
coffee_made,1777062540.743802
coffee_made,1777062540.8847141
coffee_made,1777062540.8847141
coffee_made,1777062541.017979
coffee_made,1777062541.017979
coffee_made,1777062541.1711354
coffee_made,1777062541.1711354
coffee_made,1777062541.3203425
coffee_made,1777062541.3203425
coffee_made,1777062541.4524474
coffee_made,1777062541.4524474
coffee_made,1777062541.5991929,,
coffee_made,1777062541.5991929,,
customer_exit,,21.0,0.71
coffee_made,1777062541.7568827
coffee_made,1777062541.7568827
coffee_made,1777062541.898592,,
coffee_made,1777062541.898592,,
customer_exit,,21.0,0.14
coffee_made,1777062542.0511947
coffee_made,1777062542.0511947
coffee_made,1777062542.2027621
coffee_made,1777062542.2027621
coffee_made,1777062542.3344069
coffee_made,1777062542.3344069
coffee_made,1777062542.467232
coffee_made,1777062542.467232
coffee_made,1777062542.6092732
coffee_made,1777062542.6092732
coffee_made,1777062542.751446
coffee_made,1777062542.751446
coffee_made,1777062542.8686032
coffee_made,1777062542.8686032
coffee_made,1777062542.970006
coffee_made,1777062542.970006
coffee_made,1777062543.0905962
coffee_made,1777062543.0905962
coffee_made,1777062543.2184186
coffee_made,1777062543.2184186
coffee_made,1777062543.3069482
coffee_made,1777062543.3069482
coffee_made,1777062543.4054632
coffee_made,1777062543.4054632
coffee_made,1777062543.4810421
coffee_made,1777062543.4810421
coffee_made,1777062543.5455034
coffee_made,1777062543.5455034
coffee_made,1777062543.6377838
coffee_made,1777062543.6377838
coffee_made,1777062543.7231603
coffee_made,1777062543.7231603
coffee_made,1777062543.7972229
coffee_made,1777062543.7972229
coffee_made,1777062543.8866374
coffee_made,1777062543.8866374
coffee_made,1777062543.981465
coffee_made,1777062543.981465
coffee_made,1777062544.0704446
coffee_made,1777062544.0704446
coffee_made,1777062544.1664286
coffee_made,1777062544.1664286
coffee_made,1777062544.2587502
coffee_made,1777062544.2587502
coffee_made,1777062544.3672976
coffee_made,1777062544.3672976
coffee_made,1777062544.3672976
coffee_made,1777062544.496334
coffee_made,1777062544.496334
coffee_made,1777062544.496334
coffee_made,1777062544.6007576
coffee_made,1777062544.6007576
coffee_made,1777062544.6007576
coffee_made,1777062544.6949005
coffee_made,1777062544.6949005
coffee_made,1777062544.6949005
coffee_made,1777062544.7947206
coffee_made,1777062544.7947206
coffee_made,1777062544.7947206
coffee_made,1777062544.880069
coffee_made,1777062544.880069
coffee_made,1777062544.880069
coffee_made,1777062544.9679406
coffee_made,1777062544.9679406
coffee_made,1777062544.9679406
coffee_made,1777062545.0561013
coffee_made,1777062545.0561013
coffee_made,1777062545.0561013
coffee_made,1777062545.1452153
coffee_made,1777062545.1452153
coffee_made,1777062545.1452153
coffee_made,1777062545.2571325
coffee_made,1777062545.2571325
coffee_made,1777062545.2571325
coffee_made,1777062545.3572476
coffee_made,1777062545.3572476
coffee_made,1777062545.3572476
coffee_made,1777062545.4542556
coffee_made,1777062545.4542556
coffee_made,1777062545.4542556
coffee_made,1777062545.5784845
coffee_made,1777062545.5784845
coffee_made,1777062545.5784845
coffee_made,1777062545.6899972
coffee_made,1777062545.6899972
coffee_made,1777062545.6899972
coffee_made,1777062545.8069062
coffee_made,1777062545.8069062
coffee_made,1777062545.8069062
coffee_made,1777062545.8984745
coffee_made,1777062545.8984745
coffee_made,1777062545.8984745
coffee_made,1777062545.9928994
coffee_made,1777062545.9928994
coffee_made,1777062545.9928994
coffee_made,1777062546.0979955
coffee_made,1777062546.0979955
coffee_made,1777062546.0979955
coffee_made,1777062546.201974
coffee_made,1777062546.201974
coffee_made,1777062546.201974
coffee_made,1777062546.3231223
coffee_made,1777062546.3231223
coffee_made,1777062546.3231223
coffee_made,1777062546.423691
coffee_made,1777062546.423691
coffee_made,1777062546.423691
coffee_made,1777062546.5555828
coffee_made,1777062546.5555828
coffee_made,1777062546.5555828
coffee_made,1777062546.682045
coffee_made,1777062546.682045
coffee_made,1777062546.682045
coffee_made,1777062546.7873268
coffee_made,1777062546.7873268
coffee_made,1777062546.7873268
coffee_made,1777062546.8857825
coffee_made,1777062546.8857825
coffee_made,1777062546.8857825
coffee_made,1777062546.9817846
coffee_made,1777062546.9817846
coffee_made,1777062546.9817846
coffee_made,1777062547.0807588
coffee_made,1777062547.0807588
coffee_made,1777062547.0807588
coffee_made,1777062547.1817403
coffee_made,1777062547.1817403
coffee_made,1777062547.1817403
coffee_made,1777062547.2878985
coffee_made,1777062547.2878985
coffee_made,1777062547.2878985
coffee_made,1777062547.3746707
coffee_made,1777062547.3746707
coffee_made,1777062547.3746707
coffee_made,1777062547.4623587
coffee_made,1777062547.4623587
coffee_made,1777062547.4623587
coffee_made,1777062547.5726278
coffee_made,1777062547.5726278
coffee_made,1777062547.5726278
coffee_made,1777062547.685455
coffee_made,1777062547.685455
coffee_made,1777062547.685455
coffee_made,1777062547.7910485
coffee_made,1777062547.7910485
coffee_made,1777062547.7910485
coffee_made,1777062547.8890705
coffee_made,1777062547.8890705
coffee_made,1777062547.8890705
coffee_made,1777062547.9905438
coffee_made,1777062547.9905438
coffee_made,1777062547.9905438
coffee_made,1777062548.122435
coffee_made,1777062548.122435
coffee_made,1777062548.257349
coffee_made,1777062548.257349
coffee_made,1777062548.3859992
coffee_made,1777062548.3859992
coffee_made,1777062548.474261
coffee_made,1777062548.474261
coffee_made,1777062548.591402
coffee_made,1777062548.591402
coffee_made,1777062548.6919107
coffee_made,1777062548.6919107
coffee_made,1777062548.8151553
coffee_made,1777062548.8151553
coffee_made,1777062548.9307978
coffee_made,1777062548.9307978
coffee_made,1777062549.0431597
coffee_made,1777062549.0431597
coffee_made,1777062549.146867
coffee_made,1777062549.146867
coffee_made,1777062549.2440834
coffee_made,1777062549.2440834
coffee_made,1777062549.3701265
coffee_made,1777062549.3701265
coffee_made,1777062549.4822564
coffee_made,1777062549.4822564
coffee_made,1777062549.5791109
coffee_made,1777062549.5791109
coffee_made,1777062549.666555
coffee_made,1777062549.666555
coffee_made,1777062549.7735019
coffee_made,1777062549.7735019
coffee_made,1777062549.888992
coffee_made,1777062549.888992
coffee_made,1777062550.0039377
coffee_made,1777062550.0039377
coffee_made,1777062550.107394
coffee_made,1777062550.2148905
coffee_made,1777062550.2148905
coffee_made,1777062550.2148905
coffee_made,1777062550.3502784
coffee_made,1777062550.3502784
coffee_made,1777062550.3502784
coffee_made,1777062550.4784591
coffee_made,1777062550.4784591
coffee_made,1777062550.4784591
coffee_made,1777062550.611537
coffee_made,1777062550.611537
coffee_made,1777062550.611537
coffee_made,1777062550.7529478
coffee_made,1777062550.7529478
coffee_made,1777062550.7529478
coffee_made,1777062550.8868117
coffee_made,1777062550.8868117
coffee_made,1777062550.8868117
coffee_made,1777062550.990179
coffee_made,1777062550.990179
coffee_made,1777062550.990179
coffee_made,1777062551.0964596
coffee_made,1777062551.0964596
coffee_made,1777062551.0964596
coffee_made,1777062551.2108648
coffee_made,1777062551.2108648
coffee_made,1777062551.2108648
coffee_made,1777062551.3365467
coffee_made,1777062551.3365467
coffee_made,1777062551.3365467
coffee_made,1777062551.4486506
coffee_made,1777062551.4486506
coffee_made,1777062551.4486506
coffee_made,1777062551.5529256
coffee_made,1777062551.5529256
coffee_made,1777062551.5529256
coffee_made,1777062551.6536016
coffee_made,1777062551.6536016
coffee_made,1777062551.6536016
coffee_made,1777062551.7863119
coffee_made,1777062551.7863119
coffee_made,1777062551.7863119
coffee_made,1777062551.900547
coffee_made,1777062551.900547
coffee_made,1777062551.900547
coffee_made,1777062552.003255
coffee_made,1777062552.003255
coffee_made,1777062552.003255
coffee_made,1777062552.0793805
coffee_made,1777062552.0793805
coffee_made,1777062552.0793805
coffee_made,1777062552.1596146
coffee_made,1777062552.1596146
coffee_made,1777062552.287389
coffee_made,1777062552.287389
coffee_made,1777062552.3751569
coffee_made,1777062552.3751569
coffee_made,1777062552.3751569
coffee_made,1777062552.470716
coffee_made,1777062552.470716
coffee_made,1777062552.470716
coffee_made,1777062552.5866623
coffee_made,1777062552.5866623
coffee_made,1777062552.5866623
coffee_made,1777062552.6990118
coffee_made,1777062552.6990118
coffee_made,1777062552.6990118
coffee_made,1777062552.8061647
coffee_made,1777062552.8061647
coffee_made,1777062552.8061647
coffee_made,1777062552.9115539
coffee_made,1777062552.9115539
coffee_made,1777062552.9115539
coffee_made,1777062553.0233126
coffee_made,1777062553.0233126
coffee_made,1777062553.0233126
coffee_made,1777062553.138177
coffee_made,1777062553.138177
coffee_made,1777062553.138177
coffee_made,1777062553.2390122
coffee_made,1777062553.2390122
coffee_made,1777062553.2390122
coffee_made,1777062553.3567588
coffee_made,1777062553.3567588
coffee_made,1777062553.3567588
coffee_made,1777062553.4713862
coffee_made,1777062553.4713862
coffee_made,1777062553.4713862
coffee_made,1777062553.594843
coffee_made,1777062553.594843
coffee_made,1777062553.594843
coffee_made,1777062553.7001042
coffee_made,1777062553.7001042
coffee_made,1777062553.7001042
coffee_made,1777062553.7001042
coffee_made,1777062553.8046074
coffee_made,1777062553.8046074
coffee_made,1777062553.8046074
coffee_made,1777062553.8046074
coffee_made,1777062553.9056332
coffee_made,1777062553.9056332
coffee_made,1777062553.9056332
coffee_made,1777062553.9056332
coffee_made,1777062554.022931
coffee_made,1777062554.022931
coffee_made,1777062554.022931
coffee_made,1777062554.022931
coffee_made,1777062554.1294498
coffee_made,1777062554.1294498
coffee_made,1777062554.1294498
coffee_made,1777062554.1294498
coffee_made,1777062554.2375813
coffee_made,1777062554.2375813
coffee_made,1777062554.2375813
coffee_made,1777062554.2375813
coffee_made,1777062554.350869
coffee_made,1777062554.350869
coffee_made,1777062554.350869
coffee_made,1777062554.350869
coffee_made,1777062554.350869
coffee_made,1777062554.461803
coffee_made,1777062554.461803
coffee_made,1777062554.461803
coffee_made,1777062554.461803
coffee_made,1777062554.461803
coffee_made,1777062554.5708873
coffee_made,1777062554.5708873
coffee_made,1777062554.5708873
coffee_made,1777062554.5708873
coffee_made,1777062554.5708873
coffee_made,1777062554.6538053
coffee_made,1777062554.6538053
coffee_made,1777062554.6538053
coffee_made,1777062554.6538053
coffee_made,1777062554.6538053
coffee_made,1777062554.7476335
coffee_made,1777062554.7476335
coffee_made,1777062554.7476335
coffee_made,1777062554.7476335
coffee_made,1777062554.7476335
coffee_made,1777062554.8527174
coffee_made,1777062554.8527174
coffee_made,1777062554.8527174
coffee_made,1777062554.8527174
coffee_made,1777062554.8527174
coffee_made,1777062554.9443688
coffee_made,1777062554.9443688
coffee_made,1777062554.9443688
coffee_made,1777062554.9443688
coffee_made,1777062554.9443688
coffee_made,1777062555.041903
coffee_made,1777062555.041903
coffee_made,1777062555.041903
coffee_made,1777062555.151007
coffee_made,1777062555.151007
coffee_made,1777062555.151007
coffee_made,1777062555.2538276
coffee_made,1777062555.2538276
coffee_made,1777062555.2538276
coffee_made,1777062555.3783104
coffee_made,1777062555.3783104
coffee_made,1777062555.3783104
coffee_made,1777062555.4805582
coffee_made,1777062555.4805582
coffee_made,1777062555.4805582
coffee_made,1777062555.5975997
coffee_made,1777062555.5975997
coffee_made,1777062555.5975997
coffee_made,1777062555.7081213
coffee_made,1777062555.7081213
coffee_made,1777062555.7081213
coffee_made,1777062555.8168051
coffee_made,1777062555.8168051
coffee_made,1777062555.8168051
coffee_made,1777062555.8168051
coffee_made,1777062555.9324617
coffee_made,1777062555.9324617
coffee_made,1777062555.9324617
coffee_made,1777062555.9324617
coffee_made,1777062556.0315356
coffee_made,1777062556.0315356
coffee_made,1777062556.0315356
coffee_made,1777062556.0315356
coffee_made,1777062556.1685557
coffee_made,1777062556.1685557
coffee_made,1777062556.1685557
coffee_made,1777062556.1685557
coffee_made,1777062556.2640727
coffee_made,1777062556.2640727
coffee_made,1777062556.2640727
coffee_made,1777062556.2640727
coffee_made,1777062556.3852198
coffee_made,1777062556.3852198
coffee_made,1777062556.3852198
coffee_made,1777062556.3852198
coffee_made,1777062556.5029917
coffee_made,1777062556.5029917
coffee_made,1777062556.5029917
coffee_made,1777062556.5029917
coffee_made,1777062556.6200633
coffee_made,1777062556.6200633
coffee_made,1777062556.6200633
coffee_made,1777062556.6200633
coffee_made,1777062556.7455072
coffee_made,1777062556.7455072
coffee_made,1777062556.7455072
coffee_made,1777062556.7455072
coffee_made,1777062556.8284113
coffee_made,1777062556.8284113
coffee_made,1777062556.8284113
coffee_made,1777062556.8284113
coffee_made,1777062556.9314802
coffee_made,1777062556.9314802
coffee_made,1777062556.9314802
coffee_made,1777062556.9314802
coffee_made,1777062557.0624194
coffee_made,1777062557.0624194
coffee_made,1777062557.0624194
coffee_made,1777062557.1798122
coffee_made,1777062557.1798122
coffee_made,1777062557.1798122
coffee_made,1777062557.2697608
coffee_made,1777062557.2697608
coffee_made,1777062557.2697608
coffee_made,1777062557.3769972
coffee_made,1777062557.3769972
coffee_made,1777062557.3769972
coffee_made,1777062557.4945974
coffee_made,1777062557.4945974
coffee_made,1777062557.4945974
coffee_made,1777062557.6255915
coffee_made,1777062557.6255915
coffee_made,1777062557.6255915
coffee_made,1777062557.6255915
coffee_made,1777062557.6255915
coffee_made,1777062557.7387085
coffee_made,1777062557.7387085
coffee_made,1777062557.7387085
coffee_made,1777062557.7387085
coffee_made,1777062557.7387085
coffee_made,1777062557.8353832
coffee_made,1777062557.8353832
coffee_made,1777062557.8353832
coffee_made,1777062557.8353832
coffee_made,1777062557.8353832
coffee_made,1777062557.9505858
coffee_made,1777062557.9505858
coffee_made,1777062557.9505858
coffee_made,1777062557.9505858
coffee_made,1777062557.9505858
coffee_made,1777062558.054721
coffee_made,1777062558.054721
coffee_made,1777062558.054721
coffee_made,1777062558.054721
coffee_made,1777062558.054721
coffee_made,1777062558.158102
coffee_made,1777062558.158102
coffee_made,1777062558.158102
coffee_made,1777062558.158102
coffee_made,1777062558.158102
coffee_made,1777062558.2631357
coffee_made,1777062558.2631357
coffee_made,1777062558.2631357
coffee_made,1777062558.2631357
coffee_made,1777062558.2631357
coffee_made,1777062558.359259
coffee_made,1777062558.359259
coffee_made,1777062558.359259
coffee_made,1777062558.359259
coffee_made,1777062558.359259
coffee_made,1777062558.473495
coffee_made,1777062558.473495
coffee_made,1777062558.473495
coffee_made,1777062558.473495
coffee_made,1777062558.473495
coffee_made,1777062558.5829313
coffee_made,1777062558.5829313
coffee_made,1777062558.5829313
coffee_made,1777062558.5829313
coffee_made,1777062558.5829313
coffee_made,1777062558.6907377
coffee_made,1777062558.6907377
coffee_made,1777062558.6907377
coffee_made,1777062558.6907377
coffee_made,1777062558.6907377
coffee_made,1777062558.7896605,,
coffee_made,1777062558.7896605,,
customer_exit,,32.0,2.04
coffee_made,1777062558.7896605,,
coffee_made,1777062558.7896605,,
coffee_made,1777062558.7896605,,
coffee_made,1777062558.7896605,,
coffee_made,1777062558.8609786
coffee_made,1777062558.8609786
coffee_made,1777062558.8609786
coffee_made,1777062558.8609786
coffee_made,1777062558.8609786
coffee_made,1777062558.8609786
coffee_made,1777062558.9944723
coffee_made,1777062558.9944723
coffee_made,1777062558.9944723
coffee_made,1777062558.9944723
coffee_made,1777062558.9944723
coffee_made,1777062558.9944723
coffee_made,1777062559.1019647
coffee_made,1777062559.1019647
coffee_made,1777062559.1019647
coffee_made,1777062559.1019647
coffee_made,1777062559.1019647
coffee_made,1777062559.1019647
coffee_made,1777062559.2113297,,
coffee_made,1777062559.2113297,,
customer_exit,,32.0,0.11
coffee_made,1777062559.2113297,,
coffee_made,1777062559.2113297,,
coffee_made,1777062559.2113297,,
coffee_made,1777062559.2113297,,
coffee_made,1777062559.2113297,,
coffee_made,1777062559.3229976
coffee_made,1777062559.3229976
coffee_made,1777062559.3229976
coffee_made,1777062559.3229976
coffee_made,1777062559.3229976
coffee_made,1777062559.3229976
coffee_made,1777062559.3229976
coffee_made,1777062559.4169939
coffee_made,1777062559.4169939
coffee_made,1777062559.4169939
coffee_made,1777062559.4169939
coffee_made,1777062559.4169939
coffee_made,1777062559.4169939
coffee_made,1777062559.4169939
coffee_made,1777062559.5335464
coffee_made,1777062559.5335464
coffee_made,1777062559.5335464
coffee_made,1777062559.5335464
coffee_made,1777062559.5335464
coffee_made,1777062559.5335464
coffee_made,1777062559.5335464
coffee_made,1777062559.6544704,,
coffee_made,1777062559.6544704,,
customer_exit,,32.0,0.24
customer_exit,,33.0,0.12
coffee_made,1777062559.6544704,,
coffee_made,1777062559.6544704,,
coffee_made,1777062559.6544704,,
coffee_made,1777062559.6544704,,
coffee_made,1777062559.6544704,,
coffee_made,1777062559.7588308
coffee_made,1777062559.7588308
coffee_made,1777062559.7588308
coffee_made,1777062559.7588308
coffee_made,1777062559.7588308
coffee_made,1777062559.7588308
coffee_made,1777062559.7588308
coffee_made,1777062559.8707955
coffee_made,1777062559.8707955
coffee_made,1777062559.8707955
coffee_made,1777062559.8707955
coffee_made,1777062559.8707955
coffee_made,1777062559.8707955
coffee_made,1777062559.8707955
coffee_made,1777062559.9954789
coffee_made,1777062559.9954789
coffee_made,1777062559.9954789
coffee_made,1777062559.9954789
coffee_made,1777062559.9954789
coffee_made,1777062559.9954789
coffee_made,1777062559.9954789
coffee_made,1777062560.1011915
coffee_made,1777062560.1011915
coffee_made,1777062560.1011915
coffee_made,1777062560.1011915
coffee_made,1777062560.1011915
coffee_made,1777062560.1011915
coffee_made,1777062560.1011915
coffee_made,1777062560.2283118
coffee_made,1777062560.2283118
coffee_made,1777062560.2283118
coffee_made,1777062560.2283118
coffee_made,1777062560.2283118
coffee_made,1777062560.2283118
coffee_made,1777062560.2283118
coffee_made,1777062560.3496978
coffee_made,1777062560.3496978
coffee_made,1777062560.3496978
coffee_made,1777062560.3496978
coffee_made,1777062560.3496978
coffee_made,1777062560.3496978
coffee_made,1777062560.3496978
coffee_made,1777062560.4507978
coffee_made,1777062560.4507978
coffee_made,1777062560.4507978
coffee_made,1777062560.4507978
coffee_made,1777062560.4507978
coffee_made,1777062560.4507978
coffee_made,1777062560.4507978
coffee_made,1777062560.5636642
coffee_made,1777062560.5636642
coffee_made,1777062560.5636642
coffee_made,1777062560.5636642
coffee_made,1777062560.5636642
coffee_made,1777062560.5636642
coffee_made,1777062560.5636642
coffee_made,1777062560.6690385
coffee_made,1777062560.6690385
coffee_made,1777062560.6690385
coffee_made,1777062560.6690385
coffee_made,1777062560.6690385
coffee_made,1777062560.6690385
coffee_made,1777062560.6690385
coffee_made,1777062560.7686636
coffee_made,1777062560.7686636
coffee_made,1777062560.7686636
coffee_made,1777062560.7686636
coffee_made,1777062560.7686636
coffee_made,1777062560.8531516
coffee_made,1777062560.8531516
coffee_made,1777062560.8531516
coffee_made,1777062560.8531516
coffee_made,1777062560.8531516
coffee_made,1777062560.9441247
coffee_made,1777062560.9441247
coffee_made,1777062560.9441247
coffee_made,1777062560.9441247
coffee_made,1777062560.9441247
coffee_made,1777062561.0378654
coffee_made,1777062561.0378654
coffee_made,1777062561.0378654
coffee_made,1777062561.0378654
coffee_made,1777062561.0378654
coffee_made,1777062561.1338668
coffee_made,1777062561.1338668
coffee_made,1777062561.1338668
coffee_made,1777062561.1338668
coffee_made,1777062561.1338668
coffee_made,1777062561.2548149
coffee_made,1777062561.2548149
coffee_made,1777062561.2548149
coffee_made,1777062561.2548149
coffee_made,1777062561.2548149
coffee_made,1777062561.3418522
coffee_made,1777062561.3418522
coffee_made,1777062561.3418522
coffee_made,1777062561.3418522
coffee_made,1777062561.3418522
coffee_made,1777062561.4483798
coffee_made,1777062561.4483798
coffee_made,1777062561.4483798
coffee_made,1777062561.4483798
coffee_made,1777062561.53311
coffee_made,1777062561.53311
coffee_made,1777062561.53311
coffee_made,1777062561.53311
coffee_made,1777062561.6248178
coffee_made,1777062561.6248178
coffee_made,1777062561.6248178
coffee_made,1777062561.6248178
coffee_made,1777062561.7262535
coffee_made,1777062561.7262535
coffee_made,1777062561.7262535
coffee_made,1777062561.7262535
coffee_made,1777062561.833943
coffee_made,1777062561.833943
coffee_made,1777062561.833943
coffee_made,1777062561.833943
coffee_made,1777062561.9219959
coffee_made,1777062561.9219959
coffee_made,1777062561.9219959
coffee_made,1777062561.9219959
coffee_made,1777062562.032259
coffee_made,1777062562.032259
coffee_made,1777062562.032259
coffee_made,1777062562.032259
coffee_made,1777062562.1280384
coffee_made,1777062562.1280384
coffee_made,1777062562.1280384
coffee_made,1777062562.1280384
coffee_made,1777062562.2472508
coffee_made,1777062562.2472508
coffee_made,1777062562.2472508
coffee_made,1777062562.2472508
coffee_made,1777062562.3554533
coffee_made,1777062562.3554533
coffee_made,1777062562.3554533
coffee_made,1777062562.3554533
coffee_made,1777062562.4295435
coffee_made,1777062562.4295435
coffee_made,1777062562.4295435
coffee_made,1777062562.4295435
coffee_made,1777062562.536792
coffee_made,1777062562.536792
coffee_made,1777062562.536792
coffee_made,1777062562.536792
coffee_made,1777062562.631922
coffee_made,1777062562.631922
coffee_made,1777062562.631922
coffee_made,1777062562.7415686
coffee_made,1777062562.7415686
coffee_made,1777062562.7415686
coffee_made,1777062562.8484938
coffee_made,1777062562.8484938
coffee_made,1777062562.8484938
coffee_made,1777062562.9198725
coffee_made,1777062562.9198725
coffee_made,1777062562.9198725
coffee_made,1777062563.014612
coffee_made,1777062563.014612
coffee_made,1777062563.014612
coffee_made,1777062563.087349
coffee_made,1777062563.087349
coffee_made,1777062563.087349
coffee_made,1777062563.1805973
coffee_made,1777062563.1805973
coffee_made,1777062563.1805973
coffee_made,1777062563.1805973
coffee_made,1777062563.293816
coffee_made,1777062563.293816
coffee_made,1777062563.293816
coffee_made,1777062563.293816
coffee_made,1777062563.3966548
coffee_made,1777062563.3966548
coffee_made,1777062563.3966548
coffee_made,1777062563.3966548
coffee_made,1777062563.3966548
coffee_made,1777062563.4842002
coffee_made,1777062563.4842002
coffee_made,1777062563.4842002
coffee_made,1777062563.4842002
coffee_made,1777062563.4842002
coffee_made,1777062563.5622177
coffee_made,1777062563.5622177
coffee_made,1777062563.5622177
coffee_made,1777062563.5622177
coffee_made,1777062563.5622177
coffee_made,1777062563.5622177
coffee_made,1777062563.6865351
coffee_made,1777062563.6865351
coffee_made,1777062563.6865351
coffee_made,1777062563.6865351
coffee_made,1777062563.6865351
coffee_made,1777062563.6865351
coffee_made,1777062563.798702
coffee_made,1777062563.798702
coffee_made,1777062563.798702
coffee_made,1777062563.798702
coffee_made,1777062563.798702
coffee_made,1777062563.798702
coffee_made,1777062563.8915153
coffee_made,1777062563.8915153
coffee_made,1777062563.8915153
coffee_made,1777062563.8915153
coffee_made,1777062563.8915153
coffee_made,1777062563.8915153
coffee_made,1777062563.972018
coffee_made,1777062563.972018
coffee_made,1777062563.972018
coffee_made,1777062563.972018
coffee_made,1777062563.972018
coffee_made,1777062563.972018
coffee_made,1777062564.0853002
coffee_made,1777062564.0853002
coffee_made,1777062564.0853002
coffee_made,1777062564.0853002
coffee_made,1777062564.0853002
coffee_made,1777062564.0853002
coffee_made,1777062564.1922274
coffee_made,1777062564.1922274
coffee_made,1777062564.1922274
coffee_made,1777062564.1922274
coffee_made,1777062564.1922274
coffee_made,1777062564.3002386
coffee_made,1777062564.3002386
coffee_made,1777062564.3002386
coffee_made,1777062564.3002386
coffee_made,1777062564.3002386
coffee_made,1777062564.4037669
coffee_made,1777062564.4037669
coffee_made,1777062564.4037669
coffee_made,1777062564.4037669
coffee_made,1777062564.4037669
coffee_made,1777062564.4037669
coffee_made,1777062564.5018294
coffee_made,1777062564.5018294
coffee_made,1777062564.5018294
coffee_made,1777062564.5018294
coffee_made,1777062564.5018294
coffee_made,1777062564.5018294
coffee_made,1777062564.6027951
coffee_made,1777062564.6027951
coffee_made,1777062564.6027951
coffee_made,1777062564.6027951
coffee_made,1777062564.6027951
coffee_made,1777062564.6027951
coffee_made,1777062564.7054937
coffee_made,1777062564.7054937
coffee_made,1777062564.7054937
coffee_made,1777062564.7054937
coffee_made,1777062564.7054937
coffee_made,1777062564.7054937
coffee_made,1777062564.8196757
coffee_made,1777062564.8196757
coffee_made,1777062564.8196757
coffee_made,1777062564.8196757
coffee_made,1777062564.8196757
coffee_made,1777062564.8196757
coffee_made,1777062564.9102955
coffee_made,1777062564.9102955
coffee_made,1777062564.9102955
coffee_made,1777062564.9102955
coffee_made,1777062564.9102955
coffee_made,1777062564.9102955
coffee_made,1777062564.9812276
coffee_made,1777062564.9812276
coffee_made,1777062564.9812276
coffee_made,1777062564.9812276
coffee_made,1777062564.9812276
coffee_made,1777062564.9812276
coffee_made,1777062565.0752823
coffee_made,1777062565.0752823
coffee_made,1777062565.0752823
coffee_made,1777062565.0752823
coffee_made,1777062565.0752823
coffee_made,1777062565.0752823
coffee_made,1777062565.167857
coffee_made,1777062565.167857
coffee_made,1777062565.167857
coffee_made,1777062565.167857
coffee_made,1777062565.167857
coffee_made,1777062565.167857
coffee_made,1777062565.2577524
coffee_made,1777062565.2577524
coffee_made,1777062565.2577524
coffee_made,1777062565.2577524
coffee_made,1777062565.2577524
coffee_made,1777062565.2577524
coffee_made,1777062565.3370585
coffee_made,1777062565.3370585
coffee_made,1777062565.3370585
coffee_made,1777062565.3370585
coffee_made,1777062565.3370585
coffee_made,1777062565.3370585
coffee_made,1777062565.440608
coffee_made,1777062565.440608
coffee_made,1777062565.440608
coffee_made,1777062565.440608
coffee_made,1777062565.440608
coffee_made,1777062565.440608
coffee_made,1777062565.5339384
coffee_made,1777062565.5339384
coffee_made,1777062565.5339384
coffee_made,1777062565.5339384
coffee_made,1777062565.5339384
coffee_made,1777062565.6411238
coffee_made,1777062565.6411238
coffee_made,1777062565.6411238
coffee_made,1777062565.6411238
coffee_made,1777062565.6411238
coffee_made,1777062565.7514765
coffee_made,1777062565.7514765
coffee_made,1777062565.7514765
coffee_made,1777062565.7514765
coffee_made,1777062565.7514765
customer_exit,12,0.37
customer_exit,12,0.37
customer_exit,19,0.07
customer_exit,19,1.21
customer_exit,21,0.14
customer_exit,21,1.14
customer_exit,21,0.06
coffee_made,1777062933.0713787
customer_exit,24,0.07
customer_exit,24,0.08
customer_exit,3,21.19
customer_exit,3,0.14
customer_exit,6,23.4
customer_exit,34,0.21
customer_exit,32,1.44
customer_exit,32,0.07
customer_exit,38,0.22
customer_exit,32,0.15
customer_exit,33,0.07
customer_exit,40,1.25
customer_exit,38,0.08
customer_exit,38,0.48
customer_exit,12,0.8
customer_exit,12,0.69
customer_exit,19,0.1
customer_exit,19,1.37
customer_exit,21,0.24
customer_exit,21,1.84
customer_exit,21,0.11
coffee_made,1777062998.7627668
customer_exit,24,0.07
customer_exit,24,0.1
customer_exit,3,31.41
customer_exit,3,0.22
customer_exit,6,34.2
customer_exit,34,0.24
customer_exit,32,1.49
customer_exit,32,0.06
customer_exit,38,0.21
customer_exit,32,0.17
customer_exit,33,0.09
customer_exit,40,1.44
customer_exit,38,0.07
customer_exit,38,0.58
customer_exit,7,0.14
customer_exit,2,0.56
customer_exit,2,0.04
customer_exit,7,0.86
customer_exit,14,0.09
customer_exit,13,0.08
customer_exit,7,0.74
customer_exit,7,0.19
customer_exit,8,0.47
customer_exit,15,0.05
customer_exit,15,0.04
customer_exit,16,1.35
customer_exit,16,0.13
customer_exit,16,0.05
customer_exit,17,0.09
customer_exit,16,0.14
customer_exit,13,0.04
customer_exit,16,0.04
customer_exit,17,0.04
customer_exit,16,4.02
customer_exit,16,0.83
customer_exit,15,0.68
customer_exit,24,0.46
customer_exit,16,0.07
customer_exit,24,0.07
customer_exit,5,11.44
customer_exit,21,2.71
customer_exit,23,1.06
customer_exit,16,0.08
coffee_made,1777063332.3200376
customer_exit,24,0.09
customer_exit,24,0.1
customer_exit,3,16.89
customer_exit,3,0.17
customer_exit,32,0.08
customer_exit,23,0.7
customer_exit,23,0.09
customer_exit,30,0.54
customer_exit,23,0.61
customer_exit,32,2.02
customer_exit,30,0.08
customer_exit,23,0.29
customer_exit,32,2.28
customer_exit,33,0.08
customer_exit,32,0.37
customer_exit,30,0.07
customer_exit,37,0.07
customer_exit,39,1.04
customer_exit,32,0.45
customer_exit,37,0.46
customer_exit,32,1.09
customer_exit,37,0.23
customer_exit,38,4.03
customer_exit,32,0.08
customer_exit,38,1.08
customer_exit,32,0.16
customer_exit,32,0.07
customer_exit,7,0.14
customer_exit,2,0.57
customer_exit,2,0.04
customer_exit,7,0.94
customer_exit,14,0.09
customer_exit,13,0.08
customer_exit,7,0.77
customer_exit,7,0.18
customer_exit,8,0.46
customer_exit,15,0.05
customer_exit,15,0.05
customer_exit,16,1.59
customer_exit,16,0.2
customer_exit,16,0.07
customer_exit,17,0.15
customer_exit,16,0.22
customer_exit,13,0.09
customer_exit,16,0.09
customer_exit,17,0.09
customer_exit,16,5.04
customer_exit,16,1.07
customer_exit,15,0.88
customer_exit,24,0.59
customer_exit,16,0.09
customer_exit,24,0.09
customer_exit,5,13.84
customer_exit,21,3.3
customer_exit,23,1.34
customer_exit,16,0.1
coffee_made,1777063458.9641445
customer_exit,24,0.09
customer_exit,24,0.09
customer_exit,3,19.15
customer_exit,3,0.14
customer_exit,32,0.08
customer_exit,23,0.79
customer_exit,23,0.08
customer_exit,30,0.63
customer_exit,23,0.73
customer_exit,32,2.33
customer_exit,30,0.09
customer_exit,23,0.34
customer_exit,32,2.39
customer_exit,33,0.08
customer_exit,32,0.4
customer_exit,30,0.07
customer_exit,37,0.07
customer_exit,39,1.11
customer_exit,32,0.5
customer_exit,37,0.45
customer_exit,32,1.04
customer_exit,37,0.21
customer_exit,38,4.06
customer_exit,32,0.08
customer_exit,38,1.14
customer_exit,32,0.16
customer_exit,32,0.09
customer_exit,7,0.14
customer_exit,2,0.56
customer_exit,2,0.04
customer_exit,7,0.95
customer_exit,14,0.14
customer_exit,13,0.13
customer_exit,7,1.2
customer_exit,7,0.28
customer_exit,8,0.73
customer_exit,15,0.09
customer_exit,15,0.08
customer_exit,16,2.39
customer_exit,16,0.22
customer_exit,16,0.08
customer_exit,17,0.14
customer_exit,16,0.22
customer_exit,13,0.08
customer_exit,16,0.08
customer_exit,17,0.08
customer_exit,16,5.03
customer_exit,16,0.97
customer_exit,15,0.8
customer_exit,24,0.54
customer_exit,16,0.08
customer_exit,24,0.08
customer_exit,5,15.97
customer_exit,21,3.12
customer_exit,23,1.22
customer_exit,16,0.09
coffee_made,1777063514.735176
customer_exit,24,0.07
customer_exit,24,0.08
customer_exit,3,20.75
customer_exit,3,0.16
customer_exit,32,0.06
customer_exit,23,0.69
customer_exit,23,0.08
customer_exit,30,0.51
customer_exit,23,0.6
customer_exit,32,1.95
customer_exit,30,0.08
customer_exit,23,0.3
customer_exit,32,2.04
customer_exit,33,0.08
customer_exit,32,0.36
customer_exit,30,0.07
customer_exit,37,0.07
customer_exit,39,1.02
customer_exit,32,0.43
customer_exit,37,0.4
customer_exit,32,0.95
customer_exit,37,0.22
customer_exit,38,3.71
customer_exit,32,0.09
customer_exit,38,1.28
customer_exit,32,0.18
customer_exit,32,0.09
coffee_made,1777065607.7500908
coffee_made,1777068177.4698415
coffee_made,1777150621.4264367
coffee_made,1777150638.1187413
coffee_made,1777150649.0881944
coffee_made,1777150656.049216
coffee_made,1777150663.7021487
coffee_made,1777150672.357422
coffee_made,1777150680.2006226
coffee_made,1777150733.234758
coffee_made,1777150742.067418
coffee_made,1777163353.009202
coffee_made,1777163413.0335097
coffee_made,1777379249.0030093
coffee_made,1777379254.0565083
coffee_made,1777379259.7656796
coffee_made,1777379308.3348634
coffee_made,1777396564.075091
coffee_made,1777396763.2213695
coffee_made,1777396870.47526
coffee_made,1777396891.593087
coffee_made,1777413494.400426
coffee_made,1777413499.7930846
coffee_made,1777975906.723724
coffee_made,1777975986.3308523
